1559877044517,2,HTTP Request,200,OK,Thread Group 2-2,text,true,345,2,2,2
1559877044498,90,HTTP Request,200,OK,Thread Group 2-1,text,true,345,5,5,90
1559877044519,166,HTTP Request,200,OK,Thread Group 2-2,text,true,345,10,10,166
1559877044538,350,HTTP Request,200,OK,Thread Group 2-3,text,true,345,20,20,350
1559877044559,331,HTTP Request,200,OK,Thread Group 2-4,text,true,345,20,20,331
1559877044579,607,HTTP Request,200,OK,Thread Group 2-5,text,true,345,35,35,606
1559877044591,696,HTTP Request,200,OK,Thread Group 2-1,text,true,345,40,40,695
1559877044620,770,HTTP Request,200,OK,Thread Group 2-7,text,true,345,45,45,770
1559877044600,887,HTTP Request,200,OK,Thread Group 2-6,text,true,345,50,50,887
1559877044641,944,HTTP Request,200,OK,Thread Group 2-8,text,true,345,50,50,944
1559877044661,925,HTTP Request,200,OK,Thread Group 2-9,text,true,345,50,50,925
1559877044687,1198,HTTP Request,200,OK,Thread Group 2-2,text,true,345,50,50,1198
1559877044701,1284,HTTP Request,200,OK,Thread Group 2-11,text,true,345,50,50,1284
1559877044681,1307,HTTP Request,200,OK,Thread Group 2-10,text,true,345,50,50,1307
1559877044743,1447,HTTP Request,200,OK,Thread Group 2-13,text,true,345,50,50,1447
1559877044723,1563,HTTP Request,200,OK,Thread Group 2-12,text,true,345,50,50,1563
1559877044763,1723,HTTP Request,200,OK,Thread Group 2-14,text,true,345,50,50,1723
1559877044803,1684,HTTP Request,200,OK,Thread Group 2-16,text,true,345,50,50,1684
1559877044844,1643,HTTP Request,200,OK,Thread Group 2-18,text,true,345,50,50,1643
1559877044783,1709,HTTP Request,200,OK,Thread Group 2-15,text,true,345,50,50,1709
1559877044824,1765,HTTP Request,200,OK,Thread Group 2-17,text,true,345,50,50,1765
1559877044864,2022,HTTP Request,200,OK,Thread Group 2-19,text,true,345,50,50,2022
1559877044884,2002,HTTP Request,200,OK,Thread Group 2-20,text,true,345,50,50,2002
1559877044891,2100,HTTP Request,200,OK,Thread Group 2-4,text,true,345,50,50,2100
1559877044889,2199,HTTP Request,200,OK,Thread Group 2-3,text,true,345,50,50,2198
1559877044964,2323,HTTP Request,200,OK,Thread Group 2-24,text,true,345,50,50,2323
1559877044944,2344,HTTP Request,200,OK,Thread Group 2-23,text,true,345,50,50,2344
1559877044924,2663,HTTP Request,200,OK,Thread Group 2-22,text,true,345,50,50,2663
1559877044904,2684,HTTP Request,200,OK,Thread Group 2-21,text,true,345,50,50,2684
1559877045004,2584,HTTP Request,200,OK,Thread Group 2-26,text,true,345,50,50,2584
1559877044984,2701,HTTP Request,200,OK,Thread Group 2-25,text,true,345,50,50,2701
1559877045024,2963,HTTP Request,200,OK,Thread Group 2-27,text,true,345,50,50,2963
1559877045044,2945,HTTP Request,200,OK,Thread Group 2-28,text,true,345,50,50,2945
1559877045064,3021,HTTP Request,200,OK,Thread Group 2-29,text,true,345,50,50,3021
1559877045084,3105,HTTP Request,200,OK,Thread Group 2-30,text,true,345,50,50,3105
1559877045124,3361,HTTP Request,200,OK,Thread Group 2-32,text,true,345,50,50,3361
1559877045186,3301,HTTP Request,200,OK,Thread Group 2-5,text,true,345,50,50,3301
1559877045184,3303,HTTP Request,200,OK,Thread Group 2-35,text,true,345,50,50,3303
1559877045144,3443,HTTP Request,200,OK,Thread Group 2-33,text,true,345,50,50,3443
1559877045104,3583,HTTP Request,200,OK,Thread Group 2-31,text,true,345,50,50,3583
1559877045164,3623,HTTP Request,200,OK,Thread Group 2-34,text,true,345,50,50,3623
1559877045205,3782,HTTP Request,200,OK,Thread Group 2-36,text,true,345,50,50,3782
1559877045224,3862,HTTP Request,200,OK,Thread Group 2-37,text,true,345,50,50,3862
1559877045244,3844,HTTP Request,200,OK,Thread Group 2-38,text,true,345,50,50,3843
1559877045264,3824,HTTP Request,200,OK,Thread Group 2-39,text,true,345,50,50,3824
1559877045284,4003,HTTP Request,200,OK,Thread Group 2-40,text,true,345,50,50,4003
1559877045287,4298,HTTP Request,200,OK,Thread Group 2-1,text,true,345,50,50,4298
1559877045305,4282,HTTP Request,200,OK,Thread Group 2-41,text,true,345,50,50,4282
1559877045365,4227,HTTP Request,200,OK,Thread Group 2-44,text,true,345,50,50,4227
1559877045325,4360,HTTP Request,200,OK,Thread Group 2-42,text,true,345,50,50,4360
1559877045345,4443,HTTP Request,200,OK,Thread Group 2-43,text,true,345,50,50,4443
1559877045385,4602,HTTP Request,200,OK,Thread Group 2-45,text,true,345,50,50,4602
1559877045391,4597,HTTP Request,200,OK,Thread Group 2-7,text,true,345,50,50,4597
1559877045405,4684,HTTP Request,200,OK,Thread Group 2-46,text,true,345,50,50,4683
1559877045425,4864,HTTP Request,200,OK,Thread Group 2-47,text,true,345,50,50,4864
1559877045465,5021,HTTP Request,200,OK,Thread Group 2-49,text,true,345,50,50,5021
1559877045485,5002,HTTP Request,200,OK,Thread Group 2-50,text,true,345,50,50,5002
1559877045445,5140,HTTP Request,200,OK,Thread Group 2-48,text,true,345,50,50,5140
1559877045488,5097,HTTP Request,200,OK,Thread Group 2-6,text,true,345,50,50,5097
1559877045586,5102,HTTP Request,200,OK,Thread Group 2-8,text,true,345,50,50,5102
1559877045586,5201,HTTP Request,200,OK,Thread Group 2-9,text,true,345,50,50,5201
1559877045886,4903,HTTP Request,200,OK,Thread Group 2-2,text,true,345,50,50,4903
1559877045988,4899,HTTP Request,200,OK,Thread Group 2-10,text,true,345,50,50,4899
1559877046191,4796,HTTP Request,200,OK,Thread Group 2-13,text,true,345,50,50,4796
1559877045986,5002,HTTP Request,200,OK,Thread Group 2-11,text,true,345,50,50,5001
1559877046286,4801,HTTP Request,200,OK,Thread Group 2-12,text,true,345,50,50,4801
1559877046486,4701,HTTP Request,200,OK,Thread Group 2-14,text,true,345,50,50,4701
1559877046487,4898,HTTP Request,200,OK,Thread Group 2-16,text,true,345,50,50,4898
1559877046492,4995,HTTP Request,200,OK,Thread Group 2-15,text,true,345,50,50,4995
1559877046487,5000,HTTP Request,200,OK,Thread Group 2-18,text,true,345,50,50,5000
1559877046589,5098,HTTP Request,200,OK,Thread Group 2-17,text,true,345,50,50,5098
1559877046887,4899,HTTP Request,200,OK,Thread Group 2-20,text,true,345,50,50,4899
1559877046886,5100,HTTP Request,200,OK,Thread Group 2-19,text,true,345,50,50,5100
1559877046992,4994,HTTP Request,200,OK,Thread Group 2-4,text,true,345,50,50,4994
1559877047088,5100,HTTP Request,200,OK,Thread Group 2-3,text,true,345,50,50,5100
1559877047289,5000,HTTP Request,200,OK,Thread Group 2-23,text,true,345,50,50,5000
1559877047588,4703,HTTP Request,200,OK,Thread Group 2-22,text,true,345,50,50,4703
1559877047288,5100,HTTP Request,200,OK,Thread Group 2-24,text,true,345,50,50,5100
1559877047588,5199,HTTP Request,200,OK,Thread Group 2-21,text,true,345,50,50,5199
1559877047589,5199,HTTP Request,200,OK,Thread Group 2-26,text,true,345,50,50,5199
1559877047686,5399,HTTP Request,200,OK,Thread Group 2-25,text,true,345,50,50,5399
1559877047988,5097,HTTP Request,200,OK,Thread Group 2-27,text,true,345,50,50,5097
1559877047990,5099,HTTP Request,200,OK,Thread Group 2-28,text,true,345,50,50,5099
1559877048485,5000,HTTP Request,200,OK,Thread Group 2-32,text,true,345,50,50,5000
1559877048488,5001,HTTP Request,200,OK,Thread Group 2-35,text,true,345,50,50,5001
1559877048190,5396,HTTP Request,200,OK,Thread Group 2-30,text,true,345,50,50,5396
1559877048488,5199,HTTP Request,200,OK,Thread Group 2-5,text,true,345,50,50,5199
1559877048588,5100,HTTP Request,200,OK,Thread Group 2-33,text,true,345,50,50,5099
1559877048086,5700,HTTP Request,200,OK,Thread Group 2-29,text,true,345,50,50,5699
1559877048688,5199,HTTP Request,200,OK,Thread Group 2-31,text,true,345,50,50,5199
1559877048788,5198,HTTP Request,200,OK,Thread Group 2-34,text,true,345,50,50,5198
1559877049086,5105,HTTP Request,200,OK,Thread Group 2-37,text,true,345,50,50,5105
1559877048988,5302,HTTP Request,200,OK,Thread Group 2-36,text,true,345,50,50,5302
1559877049088,5204,HTTP Request,200,OK,Thread Group 2-38,text,true,345,50,50,5204
1559877049089,5498,HTTP Request,200,OK,Thread Group 2-39,text,true,345,50,50,5498
1559877049586,5099,HTTP Request,200,OK,Thread Group 2-1,text,true,345,50,50,5099
1559877049587,5303,HTTP Request,200,OK,Thread Group 2-41,text,true,345,50,50,5303
1559877049686,5205,HTTP Request,200,OK,Thread Group 2-42,text,true,345,50,50,5205
1559877049288,5605,HTTP Request,200,OK,Thread Group 2-40,text,true,345,50,50,5605
1559877049788,5200,HTTP Request,200,OK,Thread Group 2-43,text,true,345,50,50,5199
1559877049592,5494,HTTP Request,200,OK,Thread Group 2-44,text,true,345,50,50,5493
1559877049989,5400,HTTP Request,200,OK,Thread Group 2-7,text,true,345,50,50,5400
1559877049988,5697,HTTP Request,200,OK,Thread Group 2-45,text,true,345,50,50,5697
1559877050289,5398,HTTP Request,200,OK,Thread Group 2-47,text,true,345,50,50,5398
1559877050089,5701,HTTP Request,200,OK,Thread Group 2-46,text,true,345,50,50,5700
1559877050487,5500,HTTP Request,200,OK,Thread Group 2-49,text,true,345,50,50,5500
1559877050487,5504,HTTP Request,200,OK,Thread Group 2-50,text,true,345,50,50,5504
1559877050586,5601,HTTP Request,200,OK,Thread Group 2-6,text,true,345,50,50,5601
1559877050689,5601,HTTP Request,200,OK,Thread Group 2-8,text,true,345,50,50,5601
1559877050585,5706,HTTP Request,200,OK,Thread Group 2-48,text,true,345,50,50,5706
1559877050788,5599,HTTP Request,200,OK,Thread Group 2-9,text,true,345,50,50,5599
1559877050789,5602,HTTP Request,200,OK,Thread Group 2-2,text,true,345,50,50,5602
1559877050989,5696,HTTP Request,200,OK,Thread Group 2-11,text,true,345,50,50,5696
1559877050888,5798,HTTP Request,200,OK,Thread Group 2-10,text,true,345,50,50,5797
1559877051088,5701,HTTP Request,200,OK,Thread Group 2-12,text,true,345,50,50,5701
1559877050988,5898,HTTP Request,200,OK,Thread Group 2-13,text,true,345,50,50,5898
1559877051188,5698,HTTP Request,200,OK,Thread Group 2-14,text,true,345,50,50,5698
1559877051386,5602,HTTP Request,200,OK,Thread Group 2-16,text,true,345,50,50,5602
1559877051488,5700,HTTP Request,200,OK,Thread Group 2-15,text,true,345,50,50,5700
1559877051488,5801,HTTP Request,200,OK,Thread Group 2-18,text,true,345,50,50,5800
1559877051787,5502,HTTP Request,200,OK,Thread Group 2-20,text,true,345,50,50,5502
1559877051687,5699,HTTP Request,200,OK,Thread Group 2-17,text,true,345,50,50,5699
1559877051986,5701,HTTP Request,200,OK,Thread Group 2-4,text,true,345,50,50,5701
1559877051986,5801,HTTP Request,200,OK,Thread Group 2-19,text,true,345,50,50,5801
1559877052189,5599,HTTP Request,200,OK,Thread Group 2-3,text,true,345,50,50,5599
1559877052292,5702,HTTP Request,200,OK,Thread Group 2-22,text,true,345,50,50,5702
1559877052289,5802,HTTP Request,200,OK,Thread Group 2-23,text,true,345,50,50,5802
1559877052788,5599,HTTP Request,200,OK,Thread Group 2-21,text,true,345,50,50,5599
1559877052388,6000,HTTP Request,200,OK,Thread Group 2-24,text,true,345,50,50,6000
1559877052789,5599,HTTP Request,200,OK,Thread Group 2-26,text,true,345,50,50,5599
1559877053086,5305,HTTP Request,200,OK,Thread Group 2-25,text,true,345,50,50,5305
1559877053086,5502,HTTP Request,200,OK,Thread Group 2-27,text,true,345,50,50,5502
1559877053486,5203,HTTP Request,200,OK,Thread Group 2-32,text,true,345,50,50,5203
1559877053089,5698,HTTP Request,200,OK,Thread Group 2-28,text,true,345,50,50,5698
1559877053490,5398,HTTP Request,200,OK,Thread Group 2-35,text,true,345,50,50,5398
1559877053586,5304,HTTP Request,200,OK,Thread Group 2-30,text,true,345,50,50,5304
1559877053688,5401,HTTP Request,200,OK,Thread Group 2-5,text,true,345,50,50,5401
1559877053688,5499,HTTP Request,200,OK,Thread Group 2-33,text,true,345,50,50,5499
1559877053786,5702,HTTP Request,200,OK,Thread Group 2-29,text,true,345,50,50,5702
1559877053888,5600,HTTP Request,200,OK,Thread Group 2-31,text,true,345,50,50,5600
1559877053986,5603,HTTP Request,200,OK,Thread Group 2-34,text,true,345,50,50,5603
1559877054191,5494,HTTP Request,200,OK,Thread Group 2-37,text,true,345,50,50,5494
1559877054291,5502,HTTP Request,200,OK,Thread Group 2-36,text,true,345,50,50,5502
1559877054293,5692,HTTP Request,200,OK,Thread Group 2-38,text,true,345,50,50,5692
1559877054587,5400,HTTP Request,200,OK,Thread Group 2-39,text,true,345,50,50,5400
1559877054686,5403,HTTP Request,200,OK,Thread Group 2-1,text,true,345,50,50,5402
1559877054891,5398,HTTP Request,200,OK,Thread Group 2-42,text,true,345,50,50,5398
1559877054891,5494,HTTP Request,200,OK,Thread Group 2-41,text,true,345,50,50,5494
1559877054894,5594,HTTP Request,200,OK,Thread Group 2-40,text,true,345,50,50,5594
1559877054988,5597,HTTP Request,200,OK,Thread Group 2-43,text,true,345,50,50,5597
1559877055790,5396,HTTP Request,200,OK,Thread Group 2-46,text,true,345,50,50,5396
1559877055988,5397,HTTP Request,200,OK,Thread Group 2-49,text,true,345,50,50,5397
1559877055086,6300,HTTP Request,200,OK,Thread Group 2-44,text,true,345,50,50,6300
1559877055390,5997,HTTP Request,200,OK,Thread Group 2-7,text,true,345,50,50,5997
1559877055687,5700,HTTP Request,200,OK,Thread Group 2-47,text,true,345,50,50,5700
1559877055686,5702,HTTP Request,200,OK,Thread Group 2-45,text,true,345,50,50,5702
1559877055992,5399,HTTP Request,200,OK,Thread Group 2-50,text,true,345,50,50,5399
1559877056188,5399,HTTP Request,200,OK,Thread Group 2-6,text,true,345,50,50,5399
1559877056291,5394,HTTP Request,200,OK,Thread Group 2-8,text,true,345,50,50,5394
1559877056388,5400,HTTP Request,200,OK,Thread Group 2-9,text,true,345,50,50,5400
1559877056292,5601,HTTP Request,200,OK,Thread Group 2-48,text,true,345,50,50,5601
1559877056686,5211,HTTP Request,200,OK,Thread Group 2-11,text,true,345,50,50,5211
1559877056686,5300,HTTP Request,200,OK,Thread Group 2-10,text,true,345,50,50,5299
1559877056391,5695,HTTP Request,200,OK,Thread Group 2-2,text,true,345,50,50,5695
1559877056790,5399,HTTP Request,200,OK,Thread Group 2-12,text,true,345,50,50,5399
1559877056887,5403,HTTP Request,200,OK,Thread Group 2-13,text,true,345,50,50,5403
1559877056887,5598,HTTP Request,200,OK,Thread Group 2-14,text,true,345,50,50,5598
1559877056989,5599,HTTP Request,200,OK,Thread Group 2-16,text,true,345,50,50,5599
1559877057289,5498,HTTP Request,200,OK,Thread Group 2-18,text,true,345,50,50,5498
1559877057188,5804,HTTP Request,200,OK,Thread Group 2-15,text,true,345,50,50,5804
1559877057290,5898,HTTP Request,200,OK,Thread Group 2-20,text,true,345,50,50,5898
1559877057387,5899,HTTP Request,200,OK,Thread Group 2-17,text,true,345,50,50,5899
1559877057688,5698,HTTP Request,200,OK,Thread Group 2-4,text,true,345,50,50,5698
1559877057789,5703,HTTP Request,200,OK,Thread Group 2-3,text,true,345,50,50,5703
1559877058389,5201,HTTP Request,200,OK,Thread Group 2-26,text,true,345,50,50,5201
1559877057788,5802,HTTP Request,200,OK,Thread Group 2-19,text,true,345,50,50,5802
1559877058091,5694,HTTP Request,200,OK,Thread Group 2-23,text,true,345,50,50,5694
1559877058392,5398,HTTP Request,200,OK,Thread Group 2-25,text,true,345,50,50,5397
1559877057994,5893,HTTP Request,200,OK,Thread Group 2-22,text,true,345,50,50,5893
1559877058389,5599,HTTP Request,200,OK,Thread Group 2-24,text,true,345,50,50,5599
1559877058388,5700,HTTP Request,200,OK,Thread Group 2-21,text,true,345,50,50,5700
1559877058588,5501,HTTP Request,200,OK,Thread Group 2-27,text,true,345,50,50,5501
1559877058690,5497,HTTP Request,200,OK,Thread Group 2-32,text,true,345,50,50,5497
1559877058890,5400,HTTP Request,200,OK,Thread Group 2-30,text,true,345,50,50,5400
1559877058889,5496,HTTP Request,200,OK,Thread Group 2-35,text,true,345,50,50,5496
1559877058788,5703,HTTP Request,200,OK,Thread Group 2-28,text,true,345,50,50,5702
1559877059090,5496,HTTP Request,200,OK,Thread Group 2-5,text,true,345,50,50,5496
1559877059489,5099,HTTP Request,200,OK,Thread Group 2-31,text,true,345,50,50,5099
1559877059188,5597,HTTP Request,200,OK,Thread Group 2-33,text,true,345,50,50,5597
1559877059589,5200,HTTP Request,200,OK,Thread Group 2-34,text,true,345,50,50,5200
1559877059489,5498,HTTP Request,200,OK,Thread Group 2-29,text,true,345,50,50,5498
1559877060089,5003,HTTP Request,200,OK,Thread Group 2-1,text,true,345,50,50,5003
1559877059988,5199,HTTP Request,200,OK,Thread Group 2-39,text,true,345,50,50,5199
1559877060290,5098,HTTP Request,200,OK,Thread Group 2-42,text,true,345,50,50,5097
1559877059686,5799,HTTP Request,200,OK,Thread Group 2-37,text,true,345,50,50,5799
1559877059794,5793,HTTP Request,200,OK,Thread Group 2-36,text,true,345,50,50,5793
1559877060386,5400,HTTP Request,200,OK,Thread Group 2-41,text,true,345,50,50,5399
1559877061186,4702,HTTP Request,200,OK,Thread Group 2-46,text,true,345,50,50,4702
1559877059986,5902,HTTP Request,200,OK,Thread Group 2-38,text,true,345,50,50,5902
1559877060586,5406,HTTP Request,200,OK,Thread Group 2-43,text,true,345,50,50,5406
1559877060489,5504,HTTP Request,200,OK,Thread Group 2-40,text,true,345,50,50,5503
1559877061387,4899,HTTP Request,200,OK,Thread Group 2-44,text,true,345,50,50,4899
1559877061386,4899,HTTP Request,200,OK,Thread Group 2-49,text,true,345,50,50,4899
1559877061387,4899,HTTP Request,200,OK,Thread Group 2-47,text,true,345,50,50,4899
1559877061387,4900,HTTP Request,200,OK,Thread Group 2-7,text,true,345,50,50,4900
1559877061389,5001,HTTP Request,200,OK,Thread Group 2-45,text,true,345,50,50,5001
1559877061686,4803,HTTP Request,200,OK,Thread Group 2-8,text,true,345,50,50,4803
1559877061588,4903,HTTP Request,200,OK,Thread Group 2-6,text,true,345,50,50,4903
1559877061391,5298,HTTP Request,200,OK,Thread Group 2-50,text,true,345,50,50,5297
1559877061789,4996,HTTP Request,200,OK,Thread Group 2-9,text,true,345,50,50,4996
1559877061986,5003,HTTP Request,200,OK,Thread Group 2-10,text,true,345,50,50,5003
1559877061897,5191,HTTP Request,200,OK,Thread Group 2-11,text,true,345,50,50,5191
1559877061894,5194,HTTP Request,200,OK,Thread Group 2-48,text,true,345,50,50,5194
1559877062087,5102,HTTP Request,200,OK,Thread Group 2-2,text,true,345,50,50,5102
1559877062190,5097,HTTP Request,200,OK,Thread Group 2-12,text,true,345,50,50,5097
1559877062291,5096,HTTP Request,200,OK,Thread Group 2-13,text,true,345,50,50,5096
1559877062486,5000,HTTP Request,200,OK,Thread Group 2-14,text,true,345,50,50,4999
1559877062589,4899,HTTP Request,200,OK,Thread Group 2-16,text,true,345,50,50,4899
1559877062788,5000,HTTP Request,200,OK,Thread Group 2-18,text,true,345,50,50,5000
1559877062993,4895,HTTP Request,200,OK,Thread Group 2-15,text,true,345,50,50,4895
1559877063287,4602,HTTP Request,200,OK,Thread Group 2-17,text,true,345,50,50,4602
1559877063189,4799,HTTP Request,200,OK,Thread Group 2-20,text,true,345,50,50,4799
1559877063493,4793,HTTP Request,200,OK,Thread Group 2-3,text,true,345,50,50,4792
1559877063386,4902,HTTP Request,200,OK,Thread Group 2-4,text,true,345,50,50,4902
1559877063786,4701,HTTP Request,200,OK,Thread Group 2-23,text,true,345,50,50,4701
1559877063591,4897,HTTP Request,200,OK,Thread Group 2-19,text,true,345,50,50,4897
1559877063590,4995,HTTP Request,200,OK,Thread Group 2-26,text,true,345,50,50,4995
1559877063887,4900,HTTP Request,200,OK,Thread Group 2-22,text,true,345,50,50,4900
1559877063790,4997,HTTP Request,200,OK,Thread Group 2-25,text,true,345,50,50,4997
1559877063988,4805,HTTP Request,200,OK,Thread Group 2-24,text,true,345,50,50,4804
1559877064089,4899,HTTP Request,200,OK,Thread Group 2-27,text,true,345,50,50,4899
1559877064291,4899,HTTP Request,200,OK,Thread Group 2-30,text,true,345,50,50,4899
1559877064089,5101,HTTP Request,200,OK,Thread Group 2-21,text,true,345,50,50,5101
1559877064586,4902,HTTP Request,200,OK,Thread Group 2-5,text,true,345,50,50,4902
1559877064187,5398,HTTP Request,200,OK,Thread Group 2-32,text,true,345,50,50,5398
1559877064386,5203,HTTP Request,200,OK,Thread Group 2-35,text,true,345,50,50,5203
1559877064786,4909,HTTP Request,200,OK,Thread Group 2-33,text,true,345,50,50,4909
1559877064491,5296,HTTP Request,200,OK,Thread Group 2-28,text,true,345,50,50,5296
1559877064588,5398,HTTP Request,200,OK,Thread Group 2-31,text,true,345,50,50,5397
1559877064790,5296,HTTP Request,200,OK,Thread Group 2-34,text,true,345,50,50,5296
1559877065093,5192,HTTP Request,200,OK,Thread Group 2-1,text,true,345,50,50,5192
1559877064988,5297,HTTP Request,200,OK,Thread Group 2-29,text,true,345,50,50,5297
1559877065486,5099,HTTP Request,200,OK,Thread Group 2-37,text,true,345,50,50,5099
1559877065188,5398,HTTP Request,200,OK,Thread Group 2-39,text,true,345,50,50,5398
1559877065587,5201,HTTP Request,200,OK,Thread Group 2-36,text,true,345,50,50,5201
1559877065889,4899,HTTP Request,200,OK,Thread Group 2-46,text,true,345,50,50,4899
1559877065993,4795,HTTP Request,200,OK,Thread Group 2-43,text,true,345,50,50,4795
1559877065388,5600,HTTP Request,200,OK,Thread Group 2-42,text,true,345,50,50,5600
1559877065889,5100,HTTP Request,200,OK,Thread Group 2-38,text,true,345,50,50,5100
1559877065786,5204,HTTP Request,200,OK,Thread Group 2-41,text,true,345,50,50,5204
1559877065995,4996,HTTP Request,200,OK,Thread Group 2-40,text,true,345,50,50,4996
1559877066286,5003,HTTP Request,200,OK,Thread Group 2-44,text,true,345,50,50,5003
1559877066286,5003,HTTP Request,200,OK,Thread Group 2-49,text,true,345,50,50,5003
1559877066287,5100,HTTP Request,200,OK,Thread Group 2-47,text,true,345,50,50,5100
1559877066288,5297,HTTP Request,200,OK,Thread Group 2-7,text,true,345,50,50,5297
1559877066391,5297,HTTP Request,200,OK,Thread Group 2-45,text,true,345,50,50,5297
1559877066490,5296,HTTP Request,200,OK,Thread Group 2-8,text,true,345,50,50,5296
1559877066491,5494,HTTP Request,200,OK,Thread Group 2-6,text,true,345,50,50,5494
1559877066689,5301,HTTP Request,200,OK,Thread Group 2-50,text,true,345,50,50,5301
1559877066989,5199,HTTP Request,200,OK,Thread Group 2-10,text,true,345,50,50,5199
1559877066786,5403,HTTP Request,200,OK,Thread Group 2-9,text,true,345,50,50,5403
1559877067089,5598,HTTP Request,200,OK,Thread Group 2-11,text,true,345,50,50,5598
1559877067190,5497,HTTP Request,200,OK,Thread Group 2-2,text,true,345,50,50,5497
1559877067089,5696,HTTP Request,200,OK,Thread Group 2-48,text,true,345,50,50,5696
1559877067288,5598,HTTP Request,200,OK,Thread Group 2-12,text,true,345,50,50,5598
1559877067388,5498,HTTP Request,200,OK,Thread Group 2-13,text,true,345,50,50,5498
1559877067489,5699,HTTP Request,200,OK,Thread Group 2-16,text,true,345,50,50,5699
1559877067788,5498,HTTP Request,200,OK,Thread Group 2-18,text,true,345,50,50,5498
1559877067488,5800,HTTP Request,200,OK,Thread Group 2-14,text,true,345,50,50,5800
1559877067889,5498,HTTP Request,200,OK,Thread Group 2-15,text,true,345,50,50,5498
1559877067889,5599,HTTP Request,200,OK,Thread Group 2-17,text,true,345,50,50,5599
1559877068286,5501,HTTP Request,200,OK,Thread Group 2-3,text,true,345,50,50,5500
1559877067988,5801,HTTP Request,200,OK,Thread Group 2-20,text,true,345,50,50,5800
1559877068288,5697,HTTP Request,200,OK,Thread Group 2-4,text,true,345,50,50,5697
1559877068488,5497,HTTP Request,200,OK,Thread Group 2-23,text,true,345,50,50,5497
1559877068585,5600,HTTP Request,200,OK,Thread Group 2-26,text,true,345,50,50,5600
1559877068489,5701,HTTP Request,200,OK,Thread Group 2-19,text,true,345,50,50,5701
1559877068788,5598,HTTP Request,200,OK,Thread Group 2-22,text,true,345,50,50,5598
1559877068788,5598,HTTP Request,200,OK,Thread Group 2-25,text,true,345,50,50,5598
1559877068793,5692,HTTP Request,200,OK,Thread Group 2-24,text,true,345,50,50,5692
1559877068989,5499,HTTP Request,200,OK,Thread Group 2-27,text,true,345,50,50,5499
1559877069191,5395,HTTP Request,200,OK,Thread Group 2-21,text,true,345,50,50,5395
1559877069191,5397,HTTP Request,200,OK,Thread Group 2-30,text,true,345,50,50,5397
1559877069586,5101,HTTP Request,200,OK,Thread Group 2-32,text,true,345,50,50,5101
1559877069488,5301,HTTP Request,200,OK,Thread Group 2-5,text,true,345,50,50,5301
1559877069788,5203,HTTP Request,200,OK,Thread Group 2-28,text,true,345,50,50,5203
1559877069590,5499,HTTP Request,200,OK,Thread Group 2-35,text,true,345,50,50,5498
1559877069986,5201,HTTP Request,200,OK,Thread Group 2-31,text,true,345,50,50,5201
1559877069695,5492,HTTP Request,200,OK,Thread Group 2-33,text,true,345,50,50,5492
1559877070286,4903,HTTP Request,200,OK,Thread Group 2-29,text,true,345,50,50,4903
1559877070087,5198,HTTP Request,200,OK,Thread Group 2-34,text,true,345,50,50,5198
1559877070286,5001,HTTP Request,200,OK,Thread Group 2-1,text,true,345,50,50,5001
1559877070585,4803,HTTP Request,200,OK,Thread Group 2-37,text,true,345,50,50,4803
1559877070586,5000,HTTP Request,200,OK,Thread Group 2-39,text,true,345,50,50,5000
1559877070789,4999,HTTP Request,200,OK,Thread Group 2-43,text,true,345,50,50,4999
1559877070789,4999,HTTP Request,200,OK,Thread Group 2-36,text,true,345,50,50,4999
1559877070989,5099,HTTP Request,200,OK,Thread Group 2-42,text,true,345,50,50,5099
1559877070789,5399,HTTP Request,200,OK,Thread Group 2-46,text,true,345,50,50,5399
1559877070991,5199,HTTP Request,200,OK,Thread Group 2-38,text,true,345,50,50,5199
1559877071290,5097,HTTP Request,200,OK,Thread Group 2-44,text,true,345,50,50,5097
1559877070992,5396,HTTP Request,200,OK,Thread Group 2-40,text,true,345,50,50,5396
1559877070991,5495,HTTP Request,200,OK,Thread Group 2-41,text,true,345,50,50,5495
1559877071290,5298,HTTP Request,200,OK,Thread Group 2-49,text,true,345,50,50,5298
1559877071388,5202,HTTP Request,200,OK,Thread Group 2-47,text,true,345,50,50,5202
1559877071688,5099,HTTP Request,200,OK,Thread Group 2-45,text,true,345,50,50,5099
1559877071586,5203,HTTP Request,200,OK,Thread Group 2-7,text,true,345,50,50,5203
1559877071786,5201,HTTP Request,200,OK,Thread Group 2-8,text,true,345,50,50,5201
1559877071986,5101,HTTP Request,200,OK,Thread Group 2-6,text,true,345,50,50,5101
1559877071991,5297,HTTP Request,200,OK,Thread Group 2-50,text,true,345,50,50,5297
1559877072190,5195,HTTP Request,200,OK,Thread Group 2-9,text,true,345,50,50,5195
1559877072188,5198,HTTP Request,200,OK,Thread Group 2-10,text,true,345,50,50,5198
1559877072687,4701,HTTP Request,200,OK,Thread Group 2-11,text,true,345,50,50,4701
1559877072786,4901,HTTP Request,200,OK,Thread Group 2-48,text,true,345,50,50,4901
1559877072688,5098,HTTP Request,200,OK,Thread Group 2-2,text,true,345,50,50,5098
1559877072886,5000,HTTP Request,200,OK,Thread Group 2-12,text,true,345,50,50,5000
1559877072887,5198,HTTP Request,200,OK,Thread Group 2-13,text,true,345,50,50,5198
1559877073189,4998,HTTP Request,200,OK,Thread Group 2-16,text,true,345,50,50,4998
1559877073286,4904,HTTP Request,200,OK,Thread Group 2-18,text,true,345,50,50,4904
1559877073289,4998,HTTP Request,200,OK,Thread Group 2-14,text,true,345,50,50,4998
1559877073489,4997,HTTP Request,200,OK,Thread Group 2-17,text,true,345,50,50,4997
1559877073789,4897,HTTP Request,200,OK,Thread Group 2-20,text,true,345,50,50,4896
1559877073787,4899,HTTP Request,200,OK,Thread Group 2-3,text,true,345,50,50,4899
1559877073388,5299,HTTP Request,200,OK,Thread Group 2-15,text,true,345,50,50,5298
1559877073986,4801,HTTP Request,200,OK,Thread Group 2-4,text,true,345,50,50,4801
1559877074388,4701,HTTP Request,200,OK,Thread Group 2-22,text,true,345,50,50,4701
1559877074487,4603,HTTP Request,200,OK,Thread Group 2-24,text,true,345,50,50,4603
1559877073986,5205,HTTP Request,200,OK,Thread Group 2-23,text,true,345,50,50,5205
1559877074191,5002,HTTP Request,200,OK,Thread Group 2-19,text,true,345,50,50,5002
1559877074186,5099,HTTP Request,200,OK,Thread Group 2-26,text,true,345,50,50,5099
1559877074388,5001,HTTP Request,200,OK,Thread Group 2-25,text,true,345,50,50,5001
1559877074489,5100,HTTP Request,200,OK,Thread Group 2-27,text,true,345,50,50,5100
1559877074589,5000,HTTP Request,200,OK,Thread Group 2-30,text,true,345,50,50,5000
1559877074587,5003,HTTP Request,200,OK,Thread Group 2-21,text,true,345,50,50,5003
1559877074689,5000,HTTP Request,200,OK,Thread Group 2-32,text,true,345,50,50,5000
1559877074791,5002,HTTP Request,200,OK,Thread Group 2-5,text,true,345,50,50,5002
1559877075090,4799,HTTP Request,200,OK,Thread Group 2-35,text,true,345,50,50,4799
1559877074993,4995,HTTP Request,200,OK,Thread Group 2-28,text,true,345,50,50,4995
1559877075189,4900,HTTP Request,200,OK,Thread Group 2-31,text,true,345,50,50,4900
1559877075189,5200,HTTP Request,200,OK,Thread Group 2-33,text,true,345,50,50,5199
1559877075191,5298,HTTP Request,200,OK,Thread Group 2-29,text,true,345,50,50,5298
1559877075287,5299,HTTP Request,200,OK,Thread Group 2-34,text,true,345,50,50,5299
1559877075288,5499,HTTP Request,200,OK,Thread Group 2-1,text,true,345,50,50,5498
1559877075390,5399,HTTP Request,200,OK,Thread Group 2-37,text,true,345,50,50,5398
1559877075790,5105,HTTP Request,200,OK,Thread Group 2-36,text,true,345,50,50,5105
1559877075588,5502,HTTP Request,200,OK,Thread Group 2-39,text,true,345,50,50,5502
1559877075790,5300,HTTP Request,200,OK,Thread Group 2-43,text,true,345,50,50,5300
1559877076089,5099,HTTP Request,200,OK,Thread Group 2-42,text,true,345,50,50,5099
1559877076189,5099,HTTP Request,200,OK,Thread Group 2-46,text,true,345,50,50,5099
1559877076191,5100,HTTP Request,200,OK,Thread Group 2-38,text,true,345,50,50,5100
1559877076389,5297,HTTP Request,200,OK,Thread Group 2-44,text,true,345,50,50,5297
1559877076389,5398,HTTP Request,200,OK,Thread Group 2-40,text,true,345,50,50,5398
1559877076488,5305,HTTP Request,200,OK,Thread Group 2-41,text,true,345,50,50,5305
1559877076592,5294,HTTP Request,200,OK,Thread Group 2-47,text,true,345,50,50,5294
1559877076590,5297,HTTP Request,200,OK,Thread Group 2-49,text,true,345,50,50,5297
1559877076789,5199,HTTP Request,200,OK,Thread Group 2-45,text,true,345,50,50,5199
1559877076790,5400,HTTP Request,200,OK,Thread Group 2-7,text,true,345,50,50,5400
1559877077088,5202,HTTP Request,200,OK,Thread Group 2-6,text,true,345,50,50,5202
1559877076988,5398,HTTP Request,200,OK,Thread Group 2-8,text,true,345,50,50,5398
1559877077289,5198,HTTP Request,200,OK,Thread Group 2-50,text,true,345,50,50,5198
1559877077387,5101,HTTP Request,200,OK,Thread Group 2-9,text,true,345,50,50,5101
1559877077388,5101,HTTP Request,200,OK,Thread Group 2-10,text,true,345,50,50,5101
1559877077389,5497,HTTP Request,200,OK,Thread Group 2-11,text,true,345,50,50,5497
1559877077689,5198,HTTP Request,200,OK,Thread Group 2-48,text,true,345,50,50,5198
1559877077887,5001,HTTP Request,200,OK,Thread Group 2-12,text,true,345,50,50,5001
1559877078188,4803,HTTP Request,200,OK,Thread Group 2-16,text,true,345,50,50,4803
1559877077787,5499,HTTP Request,200,OK,Thread Group 2-2,text,true,345,50,50,5499
1559877078191,5096,HTTP Request,200,OK,Thread Group 2-18,text,true,345,50,50,5096
1559877078087,5200,HTTP Request,200,OK,Thread Group 2-13,text,true,345,50,50,5200
1559877078289,5098,HTTP Request,200,OK,Thread Group 2-14,text,true,345,50,50,5098
1559877078488,5001,HTTP Request,200,OK,Thread Group 2-17,text,true,345,50,50,5001
1559877078689,5099,HTTP Request,200,OK,Thread Group 2-15,text,true,345,50,50,5099
1559877078687,5104,HTTP Request,200,OK,Thread Group 2-20,text,true,345,50,50,5104
1559877078789,5202,HTTP Request,200,OK,Thread Group 2-4,text,true,345,50,50,5202
1559877079193,4994,HTTP Request,200,OK,Thread Group 2-23,text,true,345,50,50,4993
1559877078688,5499,HTTP Request,200,OK,Thread Group 2-3,text,true,345,50,50,5499
1559877079089,5197,HTTP Request,200,OK,Thread Group 2-22,text,true,345,50,50,5197
1559877079091,5198,HTTP Request,200,OK,Thread Group 2-24,text,true,345,50,50,5198
1559877079287,5201,HTTP Request,200,OK,Thread Group 2-26,text,true,345,50,50,5201
1559877079194,5396,HTTP Request,200,OK,Thread Group 2-19,text,true,345,50,50,5396
1559877079589,5000,HTTP Request,200,OK,Thread Group 2-27,text,true,345,50,50,5000
1559877079589,5100,HTTP Request,200,OK,Thread Group 2-30,text,true,345,50,50,5099
1559877079389,5400,HTTP Request,200,OK,Thread Group 2-25,text,true,345,50,50,5400
1559877079589,5300,HTTP Request,200,OK,Thread Group 2-21,text,true,345,50,50,5300
1559877079689,5496,HTTP Request,200,OK,Thread Group 2-32,text,true,345,50,50,5496
1559877079793,5394,HTTP Request,200,OK,Thread Group 2-5,text,true,345,50,50,5394
1559877079889,5299,HTTP Request,200,OK,Thread Group 2-35,text,true,345,50,50,5299
1559877079988,5300,HTTP Request,200,OK,Thread Group 2-28,text,true,345,50,50,5300
1559877080088,5299,HTTP Request,200,OK,Thread Group 2-31,text,true,345,50,50,5299
1559877080489,5098,HTTP Request,200,OK,Thread Group 2-29,text,true,345,50,50,5098
1559877080586,5202,HTTP Request,200,OK,Thread Group 2-34,text,true,345,50,50,5202
1559877080786,5101,HTTP Request,200,OK,Thread Group 2-1,text,true,345,50,50,5101
1559877080388,5597,HTTP Request,200,OK,Thread Group 2-33,text,true,345,50,50,5597
1559877080894,5193,HTTP Request,200,OK,Thread Group 2-36,text,true,345,50,50,5193
1559877080788,5399,HTTP Request,200,OK,Thread Group 2-37,text,true,345,50,50,5399
1559877081188,5102,HTTP Request,200,OK,Thread Group 2-42,text,true,345,50,50,5102
1559877081090,5297,HTTP Request,200,OK,Thread Group 2-43,text,true,345,50,50,5297
1559877081089,5397,HTTP Request,200,OK,Thread Group 2-39,text,true,345,50,50,5396
1559877081287,5398,HTTP Request,200,OK,Thread Group 2-46,text,true,345,50,50,5398
1559877081786,5003,HTTP Request,200,OK,Thread Group 2-40,text,true,345,50,50,5003
1559877081291,5498,HTTP Request,200,OK,Thread Group 2-38,text,true,345,50,50,5498
1559877081686,5299,HTTP Request,200,OK,Thread Group 2-44,text,true,345,50,50,5299
1559877081793,5200,HTTP Request,200,OK,Thread Group 2-41,text,true,345,50,50,5200
1559877081886,5202,HTTP Request,200,OK,Thread Group 2-47,text,true,345,50,50,5202
1559877081887,5307,HTTP Request,200,OK,Thread Group 2-49,text,true,345,50,50,5307
1559877081988,5398,HTTP Request,200,OK,Thread Group 2-45,text,true,345,50,50,5398
1559877082289,5201,HTTP Request,200,OK,Thread Group 2-6,text,true,345,50,50,5200
1559877082189,5698,HTTP Request,200,OK,Thread Group 2-7,text,true,345,50,50,5698
1559877082488,5598,HTTP Request,200,OK,Thread Group 2-9,text,true,345,50,50,5597
1559877082386,5700,HTTP Request,200,OK,Thread Group 2-8,text,true,345,50,50,5700
1559877082488,5600,HTTP Request,200,OK,Thread Group 2-10,text,true,345,50,50,5599
1559877082887,5307,HTTP Request,200,OK,Thread Group 2-48,text,true,345,50,50,5307
1559877082886,5402,HTTP Request,200,OK,Thread Group 2-11,text,true,345,50,50,5402
1559877082486,6004,HTTP Request,200,OK,Thread Group 2-50,text,true,345,50,50,6004
1559877082991,5598,HTTP Request,200,OK,Thread Group 2-16,text,true,345,50,50,5597
1559877083286,5303,HTTP Request,200,OK,Thread Group 2-2,text,true,345,50,50,5303
1559877083287,5400,HTTP Request,200,OK,Thread Group 2-18,text,true,345,50,50,5400
1559877082887,5800,HTTP Request,200,OK,Thread Group 2-12,text,true,345,50,50,5800
1559877083287,5598,HTTP Request,200,OK,Thread Group 2-13,text,true,345,50,50,5598
1559877083489,5397,HTTP Request,200,OK,Thread Group 2-17,text,true,345,50,50,5397
1559877083788,5100,HTTP Request,200,OK,Thread Group 2-15,text,true,345,50,50,5100
1559877083387,5699,HTTP Request,200,OK,Thread Group 2-14,text,true,345,50,50,5699
1559877083991,5204,HTTP Request,200,OK,Thread Group 2-4,text,true,345,50,50,5203
1559877084186,5010,HTTP Request,200,OK,Thread Group 2-23,text,true,345,50,50,5010
1559877083791,5496,HTTP Request,200,OK,Thread Group 2-20,text,true,345,50,50,5496
1559877084187,5201,HTTP Request,200,OK,Thread Group 2-3,text,true,345,50,50,5201
1559877084288,5397,HTTP Request,200,OK,Thread Group 2-24,text,true,345,50,50,5397
1559877084590,5199,HTTP Request,200,OK,Thread Group 2-27,text,true,345,50,50,5198
1559877084488,5397,HTTP Request,200,OK,Thread Group 2-26,text,true,345,50,50,5397
1559877084286,5600,HTTP Request,200,OK,Thread Group 2-22,text,true,345,50,50,5600
1559877084689,5397,HTTP Request,200,OK,Thread Group 2-30,text,true,345,50,50,5397
1559877084590,5496,HTTP Request,200,OK,Thread Group 2-19,text,true,345,50,50,5496
1559877084890,5395,HTTP Request,200,OK,Thread Group 2-21,text,true,345,50,50,5395
1559877084790,5498,HTTP Request,200,OK,Thread Group 2-25,text,true,345,50,50,5498
1559877085188,5302,HTTP Request,200,OK,Thread Group 2-5,text,true,345,50,50,5302
1559877085289,5203,HTTP Request,200,OK,Thread Group 2-28,text,true,345,50,50,5203
1559877085189,5498,HTTP Request,200,OK,Thread Group 2-35,text,true,345,50,50,5498
1559877085186,5599,HTTP Request,200,OK,Thread Group 2-32,text,true,345,50,50,5599
1559877085388,5501,HTTP Request,200,OK,Thread Group 2-31,text,true,345,50,50,5501
1559877085588,5500,HTTP Request,200,OK,Thread Group 2-29,text,true,345,50,50,5500
1559877085888,5399,HTTP Request,200,OK,Thread Group 2-1,text,true,345,50,50,5399
1559877085789,5596,HTTP Request,200,OK,Thread Group 2-34,text,true,345,50,50,5596
1559877086088,5302,HTTP Request,200,OK,Thread Group 2-36,text,true,345,50,50,5302
1559877085986,5500,HTTP Request,200,OK,Thread Group 2-33,text,true,345,50,50,5499
1559877086291,5499,HTTP Request,200,OK,Thread Group 2-42,text,true,345,50,50,5498
1559877086188,5602,HTTP Request,200,OK,Thread Group 2-37,text,true,345,50,50,5602
1559877086486,5306,HTTP Request,200,OK,Thread Group 2-39,text,true,345,50,50,5306
1559877086387,5498,HTTP Request,200,OK,Thread Group 2-43,text,true,345,50,50,5498
1559877086789,5199,HTTP Request,200,OK,Thread Group 2-40,text,true,345,50,50,5199
1559877086790,5200,HTTP Request,200,OK,Thread Group 2-38,text,true,345,50,50,5200
1559877086686,5401,HTTP Request,200,OK,Thread Group 2-46,text,true,345,50,50,5401
1559877086986,5400,HTTP Request,200,OK,Thread Group 2-44,text,true,345,50,50,5400
1559877086993,5393,HTTP Request,200,OK,Thread Group 2-41,text,true,345,50,50,5393
1559877087089,5398,HTTP Request,200,OK,Thread Group 2-47,text,true,345,50,50,5398
1559877087195,5392,HTTP Request,200,OK,Thread Group 2-49,text,true,345,50,50,5392
1559877087386,5304,HTTP Request,200,OK,Thread Group 2-45,text,true,345,50,50,5304
1559877087490,5201,HTTP Request,200,OK,Thread Group 2-6,text,true,345,50,50,5201
1559877087888,4898,HTTP Request,200,OK,Thread Group 2-7,text,true,345,50,50,4897
1559877088087,4902,HTTP Request,200,OK,Thread Group 2-9,text,true,345,50,50,4902
1559877088195,4993,HTTP Request,200,OK,Thread Group 2-48,text,true,345,50,50,4993
1559877088088,5100,HTTP Request,200,OK,Thread Group 2-10,text,true,345,50,50,5100
1559877088087,5198,HTTP Request,200,OK,Thread Group 2-8,text,true,345,50,50,5198
1559877088491,5097,HTTP Request,200,OK,Thread Group 2-50,text,true,345,50,50,5096
1559877088289,5496,HTTP Request,200,OK,Thread Group 2-11,text,true,345,50,50,5496
1559877088590,5198,HTTP Request,200,OK,Thread Group 2-2,text,true,345,50,50,5198
1559877088687,5101,HTTP Request,200,OK,Thread Group 2-18,text,true,345,50,50,5101
1559877088589,5398,HTTP Request,200,OK,Thread Group 2-16,text,true,345,50,50,5398
1559877088886,5200,HTTP Request,200,OK,Thread Group 2-13,text,true,345,50,50,5200
1559877088687,5700,HTTP Request,200,OK,Thread Group 2-12,text,true,345,50,50,5699
1559877088889,5696,HTTP Request,200,OK,Thread Group 2-15,text,true,345,50,50,5696
1559877089086,5600,HTTP Request,200,OK,Thread Group 2-14,text,true,345,50,50,5600
1559877089195,5491,HTTP Request,200,OK,Thread Group 2-4,text,true,345,50,50,5491
1559877088887,5799,HTTP Request,200,OK,Thread Group 2-17,text,true,345,50,50,5799
1559877089197,5489,HTTP Request,200,OK,Thread Group 2-23,text,true,345,50,50,5489
1559877089288,5700,HTTP Request,200,OK,Thread Group 2-20,text,true,345,50,50,5700
1559877089389,5698,HTTP Request,200,OK,Thread Group 2-3,text,true,345,50,50,5698
1559877089686,5605,HTTP Request,200,OK,Thread Group 2-24,text,true,345,50,50,5605
1559877089789,5597,HTTP Request,200,OK,Thread Group 2-27,text,true,345,50,50,5597
1559877089886,5599,HTTP Request,200,OK,Thread Group 2-26,text,true,345,50,50,5599
1559877089886,5600,HTTP Request,200,OK,Thread Group 2-22,text,true,345,50,50,5600
1559877090086,5601,HTTP Request,200,OK,Thread Group 2-30,text,true,345,50,50,5601
1559877090289,5500,HTTP Request,200,OK,Thread Group 2-25,text,true,345,50,50,5500
1559877090688,5200,HTTP Request,200,OK,Thread Group 2-35,text,true,345,50,50,5200
1559877090087,5898,HTTP Request,200,OK,Thread Group 2-19,text,true,345,50,50,5898
1559877090286,5803,HTTP Request,200,OK,Thread Group 2-21,text,true,345,50,50,5802
1559877090491,5894,HTTP Request,200,OK,Thread Group 2-5,text,true,345,50,50,5894
1559877090492,5905,HTTP Request,200,OK,Thread Group 2-28,text,true,345,50,50,5905
1559877090786,5999,HTTP Request,200,OK,Thread Group 2-32,text,true,345,50,50,5999
1559877090890,5898,HTTP Request,200,OK,Thread Group 2-31,text,true,345,50,50,5898
1559877091089,5701,HTTP Request,200,OK,Thread Group 2-29,text,true,345,50,50,5701
1559877091288,5604,HTTP Request,200,OK,Thread Group 2-1,text,true,345,50,50,5603
1559877091386,5506,HTTP Request,200,OK,Thread Group 2-34,text,true,345,50,50,5506
1559877091486,5500,HTTP Request,200,OK,Thread Group 2-33,text,true,345,50,50,5500
1559877091390,5697,HTTP Request,200,OK,Thread Group 2-36,text,true,345,50,50,5697
1559877091790,5495,HTTP Request,200,OK,Thread Group 2-37,text,true,345,50,50,5495
1559877091790,5496,HTTP Request,200,OK,Thread Group 2-42,text,true,345,50,50,5496
1559877091793,5593,HTTP Request,200,OK,Thread Group 2-39,text,true,345,50,50,5593
1559877091989,5499,HTTP Request,200,OK,Thread Group 2-40,text,true,345,50,50,5499
1559877091886,5702,HTTP Request,200,OK,Thread Group 2-43,text,true,345,50,50,5702
1559877092088,5698,HTTP Request,200,OK,Thread Group 2-46,text,true,345,50,50,5698
1559877091991,5795,HTTP Request,200,OK,Thread Group 2-38,text,true,345,50,50,5795
1559877092386,5501,HTTP Request,200,OK,Thread Group 2-44,text,true,345,50,50,5501
1559877092690,5399,HTTP Request,200,OK,Thread Group 2-45,text,true,345,50,50,5399
1559877092387,5900,HTTP Request,200,OK,Thread Group 2-41,text,true,345,50,50,5900
1559877092487,5898,HTTP Request,200,OK,Thread Group 2-47,text,true,345,50,50,5898
1559877092588,5797,HTTP Request,200,OK,Thread Group 2-49,text,true,345,50,50,5797
1559877092691,5696,HTTP Request,200,OK,Thread Group 2-6,text,true,345,50,50,5696
1559877092787,5600,HTTP Request,200,OK,Thread Group 2-7,text,true,345,50,50,5600
1559877093188,5302,HTTP Request,200,OK,Thread Group 2-48,text,true,345,50,50,5302
1559877092990,5597,HTTP Request,200,OK,Thread Group 2-9,text,true,345,50,50,5597
1559877093189,5497,HTTP Request,200,OK,Thread Group 2-10,text,true,345,50,50,5497
1559877093286,5400,HTTP Request,200,OK,Thread Group 2-8,text,true,345,50,50,5400
1559877093786,5006,HTTP Request,200,OK,Thread Group 2-11,text,true,345,50,50,5006
1559877093588,5300,HTTP Request,200,OK,Thread Group 2-50,text,true,345,50,50,5299
1559877093789,5399,HTTP Request,200,OK,Thread Group 2-18,text,true,345,50,50,5399
1559877093988,5200,HTTP Request,200,OK,Thread Group 2-16,text,true,345,50,50,5200
1559877093788,5400,HTTP Request,200,OK,Thread Group 2-2,text,true,345,50,50,5400
1559877094087,5204,HTTP Request,200,OK,Thread Group 2-13,text,true,345,50,50,5203
1559877094586,4910,HTTP Request,200,OK,Thread Group 2-15,text,true,345,50,50,4910
1559877094387,5301,HTTP Request,200,OK,Thread Group 2-12,text,true,345,50,50,5301
1559877094686,5002,HTTP Request,200,OK,Thread Group 2-14,text,true,345,50,50,5002
1559877094989,4998,HTTP Request,200,OK,Thread Group 2-20,text,true,345,50,50,4998
1559877094686,5401,HTTP Request,200,OK,Thread Group 2-17,text,true,345,50,50,5401
1559877094686,5402,HTTP Request,200,OK,Thread Group 2-4,text,true,345,50,50,5402
1559877095088,5198,HTTP Request,200,OK,Thread Group 2-3,text,true,345,50,50,5198
1559877095387,5002,HTTP Request,200,OK,Thread Group 2-27,text,true,345,50,50,5002
1559877094687,5799,HTTP Request,200,OK,Thread Group 2-23,text,true,345,50,50,5798
1559877095291,5296,HTTP Request,200,OK,Thread Group 2-24,text,true,345,50,50,5296
1559877095486,5104,HTTP Request,200,OK,Thread Group 2-26,text,true,345,50,50,5104
1559877095487,5199,HTTP Request,200,OK,Thread Group 2-22,text,true,345,50,50,5199
1559877095688,5099,HTTP Request,200,OK,Thread Group 2-30,text,true,345,50,50,5099
1559877095790,5097,HTTP Request,200,OK,Thread Group 2-25,text,true,345,50,50,5097
1559877095986,4901,HTTP Request,200,OK,Thread Group 2-19,text,true,345,50,50,4901
1559877095889,5197,HTTP Request,200,OK,Thread Group 2-35,text,true,345,50,50,5197
1559877096386,4803,HTTP Request,200,OK,Thread Group 2-5,text,true,345,50,50,4802
1559877096398,4889,HTTP Request,200,OK,Thread Group 2-28,text,true,345,50,50,4889
1559877096089,5198,HTTP Request,200,OK,Thread Group 2-21,text,true,345,50,50,5198
1559877096786,4603,HTTP Request,200,OK,Thread Group 2-32,text,true,345,50,50,4603
1559877096893,4894,HTTP Request,200,OK,Thread Group 2-34,text,true,345,50,50,4894
1559877096892,4995,HTTP Request,200,OK,Thread Group 2-1,text,true,345,50,50,4995
1559877096788,5198,HTTP Request,200,OK,Thread Group 2-31,text,true,345,50,50,5198
1559877097087,4901,HTTP Request,200,OK,Thread Group 2-36,text,true,345,50,50,4901
1559877096791,5294,HTTP Request,200,OK,Thread Group 2-29,text,true,345,50,50,5294
1559877096987,5100,HTTP Request,200,OK,Thread Group 2-33,text,true,345,50,50,5099
1559877097287,5198,HTTP Request,200,OK,Thread Group 2-42,text,true,345,50,50,5198
1559877097286,5202,HTTP Request,200,OK,Thread Group 2-37,text,true,345,50,50,5202
1559877097489,5000,HTTP Request,200,OK,Thread Group 2-40,text,true,345,50,50,5000
1559877097387,5200,HTTP Request,200,OK,Thread Group 2-39,text,true,345,50,50,5200
1559877097589,5097,HTTP Request,200,OK,Thread Group 2-43,text,true,345,50,50,5097
1559877097787,4901,HTTP Request,200,OK,Thread Group 2-38,text,true,345,50,50,4901
1559877097787,5299,HTTP Request,200,OK,Thread Group 2-46,text,true,345,50,50,5299
1559877098288,4800,HTTP Request,200,OK,Thread Group 2-41,text,true,345,50,50,4800
1559877097888,5202,HTTP Request,200,OK,Thread Group 2-44,text,true,345,50,50,5202
1559877098090,5099,HTTP Request,200,OK,Thread Group 2-45,text,true,345,50,50,5099
1559877098385,5000,HTTP Request,200,OK,Thread Group 2-49,text,true,345,50,50,5000
1559877098387,5098,HTTP Request,200,OK,Thread Group 2-6,text,true,345,50,50,5098
1559877098385,5200,HTTP Request,200,OK,Thread Group 2-47,text,true,345,50,50,5200
1559877098491,5199,HTTP Request,200,OK,Thread Group 2-48,text,true,345,50,50,5199
1559877098387,5399,HTTP Request,200,OK,Thread Group 2-7,text,true,345,50,50,5399
1559877098588,5301,HTTP Request,200,OK,Thread Group 2-9,text,true,345,50,50,5301
1559877098686,5408,HTTP Request,200,OK,Thread Group 2-10,text,true,345,50,50,5408
1559877098793,5394,HTTP Request,200,OK,Thread Group 2-11,text,true,345,50,50,5394
1559877098687,5501,HTTP Request,200,OK,Thread Group 2-8,text,true,345,50,50,5501
1559877098888,5399,HTTP Request,200,OK,Thread Group 2-50,text,true,345,50,50,5399
1559877099188,5197,HTTP Request,200,OK,Thread Group 2-18,text,true,345,50,50,5197
1559877099189,5399,HTTP Request,200,OK,Thread Group 2-2,text,true,345,50,50,5399
1559877099497,5094,HTTP Request,200,OK,Thread Group 2-15,text,true,345,49,49,5094
1559877099189,5499,HTTP Request,200,OK,Thread Group 2-16,text,true,345,48,48,5499
1559877099291,5494,HTTP Request,200,OK,Thread Group 2-13,text,true,345,47,47,5494
1559877099688,5298,HTTP Request,200,OK,Thread Group 2-12,text,true,345,46,46,5298
1559877099689,5399,HTTP Request,200,OK,Thread Group 2-14,text,true,345,45,45,5399
1559877100088,5004,HTTP Request,200,OK,Thread Group 2-4,text,true,345,44,44,5004
1559877099988,5297,HTTP Request,200,OK,Thread Group 2-20,text,true,345,43,43,5297
1559877100088,5298,HTTP Request,200,OK,Thread Group 2-17,text,true,345,42,42,5297
1559877100287,5202,HTTP Request,200,OK,Thread Group 2-3,text,true,345,41,41,5201
1559877100390,5300,HTTP Request,200,OK,Thread Group 2-27,text,true,345,40,40,5300
1559877100486,5300,HTTP Request,200,OK,Thread Group 2-23,text,true,345,39,39,5300
1559877100588,5399,HTTP Request,200,OK,Thread Group 2-24,text,true,345,38,38,5399
1559877100591,5601,HTTP Request,200,OK,Thread Group 2-26,text,true,345,37,37,5601
1559877100686,5700,HTTP Request,200,OK,Thread Group 2-22,text,true,345,36,36,5700
1559877100788,5607,HTTP Request,200,OK,Thread Group 2-30,text,true,345,35,35,5606
1559877101086,5505,HTTP Request,200,OK,Thread Group 2-35,text,true,345,34,34,5504
1559877100888,5897,HTTP Request,200,OK,Thread Group 2-19,text,true,345,33,33,5897
1559877100888,5898,HTTP Request,200,OK,Thread Group 2-25,text,true,345,33,33,5897
1559877101288,5600,HTTP Request,200,OK,Thread Group 2-28,text,true,345,31,31,5600
1559877101189,5699,HTTP Request,200,OK,Thread Group 2-5,text,true,345,31,31,5699
1559877101288,5700,HTTP Request,200,OK,Thread Group 2-21,text,true,345,29,29,5700
1559877101986,5201,HTTP Request,200,OK,Thread Group 2-31,text,true,345,28,28,5201
1559877101389,5799,HTTP Request,200,OK,Thread Group 2-32,text,true,345,28,28,5799
1559877101888,5505,HTTP Request,200,OK,Thread Group 2-1,text,true,345,26,26,5505
1559877101989,5498,HTTP Request,200,OK,Thread Group 2-36,text,true,345,25,25,5498
1559877101788,5699,HTTP Request,200,OK,Thread Group 2-34,text,true,345,25,25,5699
1559877102086,5600,HTTP Request,200,OK,Thread Group 2-29,text,true,345,23,23,5599
1559877102486,5301,HTTP Request,200,OK,Thread Group 2-42,text,true,345,22,22,5301
1559877102087,5700,HTTP Request,200,OK,Thread Group 2-33,text,true,345,22,22,5700
1559877102488,5502,HTTP Request,200,OK,Thread Group 2-37,text,true,345,20,20,5501
1559877102588,5600,HTTP Request,200,OK,Thread Group 2-39,text,true,345,19,19,5600
1559877102689,5596,HTTP Request,200,OK,Thread Group 2-38,text,true,345,18,18,5596
1559877102490,5999,HTTP Request,200,OK,Thread Group 2-40,text,true,345,17,17,5998
1559877102686,5901,HTTP Request,200,OK,Thread Group 2-43,text,true,345,16,16,5901
1559877103086,5700,HTTP Request,200,OK,Thread Group 2-46,text,true,345,15,15,5700
1559877103089,5797,HTTP Request,200,OK,Thread Group 2-41,text,true,345,14,14,5797
1559877103090,5796,HTTP Request,200,OK,Thread Group 2-44,text,true,345,14,14,5796
1559877103190,5797,HTTP Request,200,OK,Thread Group 2-45,text,true,345,12,12,5797
1559877103386,5604,HTTP Request,200,OK,Thread Group 2-49,text,true,345,11,11,5604
1559877103486,5510,HTTP Request,200,OK,Thread Group 2-6,text,true,345,10,10,5510
1559877103586,5601,HTTP Request,200,OK,Thread Group 2-47,text,true,345,9,9,5601
1559877103786,5502,HTTP Request,200,OK,Thread Group 2-7,text,true,345,8,8,5502
1559877103889,5501,HTTP Request,200,OK,Thread Group 2-9,text,true,345,7,7,5501
1559877103690,5795,HTTP Request,200,OK,Thread Group 2-48,text,true,345,6,6,5795
1559877104095,5491,HTTP Request,200,OK,Thread Group 2-10,text,true,345,5,5,5491
1559877104188,5499,HTTP Request,200,OK,Thread Group 2-11,text,true,345,4,4,5499
1559877104188,5697,HTTP Request,200,OK,Thread Group 2-8,text,true,345,3,3,5697
1559877104288,5600,HTTP Request,200,OK,Thread Group 2-50,text,true,345,2,2,5600
1559877104386,5504,HTTP Request,200,OK,Thread Group 2-18,text,true,345,1,1,5504
