1559878657781,7,HTTP Request,200,OK,Thread Group 1-8,text,50,50,7
1559878657784,107,HTTP Request,200,OK,Thread Group 1-23,text,50,50,106
1559878657786,103,HTTP Request,200,OK,Thread Group 1-22,text,50,50,103
1559878657790,111,HTTP Request,200,OK,Thread Group 1-12,text,50,50,111
1559878657791,198,HTTP Request,200,OK,Thread Group 1-10,text,50,50,198
1559878657792,197,HTTP Request,200,OK,Thread Group 1-41,text,50,50,197
1559878657795,296,HTTP Request,200,OK,Thread Group 1-9,text,50,50,296
1559878657792,301,HTTP Request,200,OK,Thread Group 1-14,text,50,50,300
1559878657796,394,HTTP Request,200,OK,Thread Group 1-6,text,50,50,394
1559878657795,495,HTTP Request,200,OK,Thread Group 1-11,text,50,50,495
1559878657801,492,HTTP Request,200,OK,Thread Group 1-43,text,50,50,492
1559878657799,494,HTTP Request,200,OK,Thread Group 1-50,text,50,50,494
1559878657799,498,HTTP Request,200,OK,Thread Group 1-46,text,50,50,498
1559878657805,586,HTTP Request,200,OK,Thread Group 1-24,text,50,50,586
1559878657806,585,HTTP Request,200,OK,Thread Group 1-15,text,50,50,585
1559878657805,586,HTTP Request,200,OK,Thread Group 1-19,text,50,50,586
1559878657807,586,HTTP Request,200,OK,Thread Group 1-18,text,50,50,586
1559878657811,583,HTTP Request,200,OK,Thread Group 1-21,text,50,50,583
1559878657809,676,HTTP Request,200,OK,Thread Group 1-20,text,50,50,676
1559878657811,681,HTTP Request,200,OK,Thread Group 1-2,text,50,50,681
1559878657813,776,HTTP Request,200,OK,Thread Group 1-7,text,50,50,776
1559878657812,778,HTTP Request,200,OK,Thread Group 1-16,text,50,50,778
1559878657813,777,HTTP Request,200,OK,Thread Group 1-32,text,50,50,777
1559878657814,876,HTTP Request,200,OK,Thread Group 1-26,text,50,50,876
1559878657815,876,HTTP Request,200,OK,Thread Group 1-27,text,50,50,876
1559878657815,877,HTTP Request,200,OK,Thread Group 1-28,text,50,50,877
1559878657817,970,HTTP Request,200,OK,Thread Group 1-29,text,50,50,970
1559878657818,970,HTTP Request,200,OK,Thread Group 1-33,text,50,50,970
1559878657818,1071,HTTP Request,200,OK,Thread Group 1-31,text,50,50,1071
1559878657820,1165,HTTP Request,200,OK,Thread Group 1-35,text,50,50,1165
1559878657820,1166,HTTP Request,200,OK,Thread Group 1-38,text,50,50,1165
1559878657823,1166,HTTP Request,200,OK,Thread Group 1-13,text,50,50,1166
1559878657824,1267,HTTP Request,200,OK,Thread Group 1-44,text,50,50,1267
1559878657821,1270,HTTP Request,200,OK,Thread Group 1-42,text,50,50,1270
1559878657822,1269,HTTP Request,200,OK,Thread Group 1-39,text,50,50,1269
1559878657824,1267,HTTP Request,200,OK,Thread Group 1-34,text,50,50,1267
1559878657825,1267,HTTP Request,200,OK,Thread Group 1-4,text,50,50,1267
1559878657826,1274,HTTP Request,200,OK,Thread Group 1-49,text,50,50,1274
1559878657826,1361,HTTP Request,200,OK,Thread Group 1-48,text,50,50,1361
1559878657825,1364,HTTP Request,200,OK,Thread Group 1-47,text,50,50,1364
1559878657827,1559,HTTP Request,200,OK,Thread Group 1-25,text,50,50,1559
1559878657829,1557,HTTP Request,200,OK,Thread Group 1-3,text,50,50,1556
1559878657828,1559,HTTP Request,200,OK,Thread Group 1-5,text,50,50,1559
1559878657831,1559,HTTP Request,200,OK,Thread Group 1-36,text,50,50,1559
1559878657828,1566,HTTP Request,200,OK,Thread Group 1-17,text,50,50,1566
1559878657831,1654,HTTP Request,200,OK,Thread Group 1-1,text,50,50,1654
1559878657831,1655,HTTP Request,200,OK,Thread Group 1-30,text,50,50,1654
1559878657831,1658,HTTP Request,200,OK,Thread Group 1-40,text,50,50,1658
1559878658697,896,HTTP Request,200,OK,Thread Group 1-8,text,50,50,896
1559878657832,1767,HTTP Request,200,OK,Thread Group 1-45,text,50,50,1766
1559878657832,1856,HTTP Request,200,OK,Thread Group 1-37,text,50,50,1856
1559878658801,887,HTTP Request,200,OK,Thread Group 1-23,text,50,50,887
1559878658807,979,HTTP Request,200,OK,Thread Group 1-12,text,50,50,979
1559878658896,890,HTTP Request,200,OK,Thread Group 1-41,text,50,50,890
1559878658801,986,HTTP Request,200,OK,Thread Group 1-22,text,50,50,986
1559878658896,997,HTTP Request,200,OK,Thread Group 1-10,text,50,50,996
1559878658999,987,HTTP Request,200,OK,Thread Group 1-14,text,50,50,987
1559878659096,892,HTTP Request,200,OK,Thread Group 1-6,text,50,50,892
1559878658997,992,HTTP Request,200,OK,Thread Group 1-9,text,50,50,992
1559878659196,890,HTTP Request,200,OK,Thread Group 1-11,text,50,50,890
1559878659199,892,HTTP Request,200,OK,Thread Group 1-43,text,50,50,892
1559878659199,888,HTTP Request,200,OK,Thread Group 1-50,text,50,50,888
1559878659200,986,HTTP Request,200,OK,Thread Group 1-46,text,50,50,985
1559878659293,993,HTTP Request,200,OK,Thread Group 1-15,text,50,50,992
1559878659293,993,HTTP Request,200,OK,Thread Group 1-19,text,50,50,993
1559878659293,995,HTTP Request,200,OK,Thread Group 1-24,text,50,50,995
1559878659295,1000,HTTP Request,200,OK,Thread Group 1-18,text,50,50,1000
1559878659296,1093,HTTP Request,200,OK,Thread Group 1-21,text,50,50,1093
1559878659392,998,HTTP Request,200,OK,Thread Group 1-20,text,50,50,998
1559878659597,889,HTTP Request,200,OK,Thread Group 1-26,text,50,50,889
1559878659398,1090,HTTP Request,200,OK,Thread Group 1-2,text,50,50,1090
1559878659496,992,HTTP Request,200,OK,Thread Group 1-16,text,50,50,991
1559878659500,986,HTTP Request,200,OK,Thread Group 1-32,text,50,50,986
1559878659496,1000,HTTP Request,200,OK,Thread Group 1-7,text,50,50,1000
1559878659598,993,HTTP Request,200,OK,Thread Group 1-27,text,50,50,992
1559878659695,896,HTTP Request,200,OK,Thread Group 1-29,text,50,50,896
1559878659598,996,HTTP Request,200,OK,Thread Group 1-28,text,50,50,996
1559878659695,990,HTTP Request,200,OK,Thread Group 1-33,text,50,50,990
1559878659795,894,HTTP Request,200,OK,Thread Group 1-31,text,50,50,894
1559878659892,798,HTTP Request,200,OK,Thread Group 1-38,text,50,50,798
1559878659891,899,HTTP Request,200,OK,Thread Group 1-35,text,50,50,899
1559878659892,901,HTTP Request,200,OK,Thread Group 1-13,text,50,50,901
1559878659997,895,HTTP Request,200,OK,Thread Group 1-39,text,50,50,895
1559878659997,895,HTTP Request,200,OK,Thread Group 1-34,text,50,50,895
1559878659998,989,HTTP Request,200,OK,Thread Group 1-4,text,50,50,989
1559878659998,1091,HTTP Request,200,OK,Thread Group 1-44,text,50,50,1091
1559878660002,1088,HTTP Request,200,OK,Thread Group 1-49,text,50,50,1088
1559878660094,996,HTTP Request,200,OK,Thread Group 1-48,text,50,50,996
1559878659998,1092,HTTP Request,200,OK,Thread Group 1-42,text,50,50,1092
1559878660295,897,HTTP Request,200,OK,Thread Group 1-25,text,50,50,897
1559878660295,897,HTTP Request,200,OK,Thread Group 1-5,text,50,50,897
1559878660094,1191,HTTP Request,200,OK,Thread Group 1-47,text,50,50,1191
1559878660295,994,HTTP Request,200,OK,Thread Group 1-3,text,50,50,993
1559878660295,997,HTTP Request,200,OK,Thread Group 1-36,text,50,50,997
1559878660297,998,HTTP Request,200,OK,Thread Group 1-17,text,50,50,998
1559878660391,995,HTTP Request,200,OK,Thread Group 1-1,text,50,50,995
1559878660391,995,HTTP Request,200,OK,Thread Group 1-30,text,50,50,995
1559878660397,995,HTTP Request,200,OK,Thread Group 1-40,text,50,50,995
1559878660505,983,HTTP Request,200,OK,Thread Group 1-8,text,50,50,983
1559878660506,983,HTTP Request,200,OK,Thread Group 1-45,text,50,50,983
1559878660696,989,HTTP Request,200,OK,Thread Group 1-12,text,50,50,989
1559878660697,990,HTTP Request,200,OK,Thread Group 1-41,text,50,50,990
1559878660598,1089,HTTP Request,200,OK,Thread Group 1-37,text,50,50,1088
1559878660600,1092,HTTP Request,200,OK,Thread Group 1-23,text,50,50,1092
1559878660803,987,HTTP Request,200,OK,Thread Group 1-10,text,50,50,987
1559878660895,897,HTTP Request,200,OK,Thread Group 1-14,text,50,50,897
1559878660698,1196,HTTP Request,200,OK,Thread Group 1-22,text,50,50,1196
1559878660901,993,HTTP Request,200,OK,Thread Group 1-9,text,50,50,993
1559878660995,996,HTTP Request,200,OK,Thread Group 1-11,text,50,50,995
1559878661000,991,HTTP Request,200,OK,Thread Group 1-43,text,50,50,991
1559878660900,1189,HTTP Request,200,OK,Thread Group 1-6,text,50,50,1189
1559878661002,1089,HTTP Request,200,OK,Thread Group 1-50,text,50,50,1089
1559878661193,903,HTTP Request,200,OK,Thread Group 1-15,text,50,50,903
1559878661097,1093,HTTP Request,200,OK,Thread Group 1-46,text,50,50,1093
1559878661193,1097,HTTP Request,200,OK,Thread Group 1-19,text,50,50,1097
1559878661193,1193,HTTP Request,200,OK,Thread Group 1-24,text,50,50,1193
1559878661297,1090,HTTP Request,200,OK,Thread Group 1-20,text,50,50,1090
1559878661197,1191,HTTP Request,200,OK,Thread Group 1-18,text,50,50,1191
1559878661297,1192,HTTP Request,200,OK,Thread Group 1-21,text,50,50,1192
1559878661399,1193,HTTP Request,200,OK,Thread Group 1-16,text,50,50,1193
1559878661399,1192,HTTP Request,200,OK,Thread Group 1-2,text,50,50,1192
1559878661397,1195,HTTP Request,200,OK,Thread Group 1-26,text,50,50,1195
1559878661403,1283,HTTP Request,200,OK,Thread Group 1-32,text,50,50,1283
1559878661406,1380,HTTP Request,200,OK,Thread Group 1-7,text,50,50,1379
1559878661500,1385,HTTP Request,200,OK,Thread Group 1-29,text,50,50,1385
1559878661596,1291,HTTP Request,200,OK,Thread Group 1-33,text,50,50,1291
1559878661502,1386,HTTP Request,200,OK,Thread Group 1-28,text,50,50,1386
1559878661500,1388,HTTP Request,200,OK,Thread Group 1-27,text,50,50,1388
1559878661599,1295,HTTP Request,200,OK,Thread Group 1-31,text,50,50,1295
1559878661599,1395,HTTP Request,200,OK,Thread Group 1-38,text,50,50,1395
1559878661701,1293,HTTP Request,200,OK,Thread Group 1-13,text,50,50,1293
1559878661699,1390,HTTP Request,200,OK,Thread Group 1-35,text,50,50,1390
1559878661802,1387,HTTP Request,200,OK,Thread Group 1-34,text,50,50,1387
1559878661896,1389,HTTP Request,200,OK,Thread Group 1-4,text,50,50,1389
1559878661802,1485,HTTP Request,200,OK,Thread Group 1-39,text,50,50,1485
1559878662001,1289,HTTP Request,200,OK,Thread Group 1-44,text,50,50,1289
1559878662001,1299,HTTP Request,200,OK,Thread Group 1-49,text,50,50,1298
1559878662004,1385,HTTP Request,200,OK,Thread Group 1-42,text,50,50,1385
1559878662002,1387,HTTP Request,200,OK,Thread Group 1-48,text,50,50,1387
1559878662101,1387,HTTP Request,200,OK,Thread Group 1-5,text,50,50,1387
1559878662101,1391,HTTP Request,200,OK,Thread Group 1-25,text,50,50,1391
1559878662194,1394,HTTP Request,200,OK,Thread Group 1-3,text,50,50,1394
1559878662194,1394,HTTP Request,200,OK,Thread Group 1-47,text,50,50,1394
1559878662195,1399,HTTP Request,200,OK,Thread Group 1-36,text,50,50,1399
1559878662198,1493,HTTP Request,200,OK,Thread Group 1-17,text,50,50,1493
1559878662297,1491,HTTP Request,200,OK,Thread Group 1-1,text,50,50,1491
1559878662296,1497,HTTP Request,200,OK,Thread Group 1-30,text,50,50,1497
1559878662300,1585,HTTP Request,200,OK,Thread Group 1-40,text,50,50,1585
1559878662594,1391,HTTP Request,200,OK,Thread Group 1-12,text,50,50,1391
1559878662398,1589,HTTP Request,200,OK,Thread Group 1-8,text,50,50,1588
1559878662398,1589,HTTP Request,200,OK,Thread Group 1-45,text,50,50,1589
1559878662599,1493,HTTP Request,200,OK,Thread Group 1-41,text,50,50,1493
1559878662600,1494,HTTP Request,200,OK,Thread Group 1-23,text,50,50,1494
1559878662698,1490,HTTP Request,200,OK,Thread Group 1-14,text,50,50,1490
1559878662599,1589,HTTP Request,200,OK,Thread Group 1-37,text,50,50,1589
1559878662697,1594,HTTP Request,200,OK,Thread Group 1-10,text,50,50,1594
1559878662898,1493,HTTP Request,200,OK,Thread Group 1-11,text,50,50,1493
1559878662801,1591,HTTP Request,200,OK,Thread Group 1-22,text,50,50,1590
1559878662898,1494,HTTP Request,200,OK,Thread Group 1-43,text,50,50,1494
1559878662801,1591,HTTP Request,200,OK,Thread Group 1-9,text,50,50,1591
1559878662996,1496,HTTP Request,200,OK,Thread Group 1-6,text,50,50,1496
1559878662998,1495,HTTP Request,200,OK,Thread Group 1-50,text,50,50,1495
1559878663002,1591,HTTP Request,200,OK,Thread Group 1-15,text,50,50,1591
1559878663096,1590,HTTP Request,200,OK,Thread Group 1-46,text,50,50,1589
1559878663197,1494,HTTP Request,200,OK,Thread Group 1-19,text,50,50,1494
1559878663295,1495,HTTP Request,200,OK,Thread Group 1-24,text,50,50,1495
1559878663295,1495,HTTP Request,200,OK,Thread Group 1-20,text,50,50,1495
1559878663295,1592,HTTP Request,200,OK,Thread Group 1-18,text,50,50,1592
1559878663396,1499,HTTP Request,200,OK,Thread Group 1-21,text,50,50,1499
1559878663496,1496,HTTP Request,200,OK,Thread Group 1-16,text,50,50,1496
1559878663496,1503,HTTP Request,200,OK,Thread Group 1-26,text,50,50,1503
1559878663593,1492,HTTP Request,200,OK,Thread Group 1-32,text,50,50,1492
1559878663496,1590,HTTP Request,200,OK,Thread Group 1-2,text,50,50,1590
1559878663693,1498,HTTP Request,200,OK,Thread Group 1-7,text,50,50,1498
1559878663791,1498,HTTP Request,200,OK,Thread Group 1-29,text,50,50,1498
1559878663792,1500,HTTP Request,200,OK,Thread Group 1-28,text,50,50,1500
1559878663791,1595,HTTP Request,200,OK,Thread Group 1-33,text,50,50,1595
1559878663793,1598,HTTP Request,200,OK,Thread Group 1-27,text,50,50,1598
1559878663795,1694,HTTP Request,200,OK,Thread Group 1-31,text,50,50,1694
1559878663994,1497,HTTP Request,200,OK,Thread Group 1-35,text,50,50,1497
1559878663901,1686,HTTP Request,200,OK,Thread Group 1-13,text,50,50,1686
1559878663901,1689,HTTP Request,200,OK,Thread Group 1-38,text,50,50,1689
1559878664192,1498,HTTP Request,200,OK,Thread Group 1-4,text,50,50,1498
1559878664196,1494,HTTP Request,200,OK,Thread Group 1-44,text,50,50,1494
1559878664096,1689,HTTP Request,200,OK,Thread Group 1-34,text,50,50,1689
1559878664193,1593,HTTP Request,200,OK,Thread Group 1-39,text,50,50,1593
1559878664202,1590,HTTP Request,200,OK,Thread Group 1-49,text,50,50,1589
1559878664296,1595,HTTP Request,200,OK,Thread Group 1-42,text,50,50,1595
1559878664297,1596,HTTP Request,200,OK,Thread Group 1-48,text,50,50,1596
1559878664396,1594,HTTP Request,200,OK,Thread Group 1-5,text,50,50,1594
1559878664398,1596,HTTP Request,200,OK,Thread Group 1-25,text,50,50,1596
1559878664496,1593,HTTP Request,200,OK,Thread Group 1-47,text,50,50,1593
1559878664496,1695,HTTP Request,200,OK,Thread Group 1-3,text,50,50,1694
1559878664502,1693,HTTP Request,200,OK,Thread Group 1-36,text,50,50,1692
1559878664696,1692,HTTP Request,200,OK,Thread Group 1-1,text,50,50,1692
1559878664699,1789,HTTP Request,200,OK,Thread Group 1-30,text,50,50,1789
1559878664598,1895,HTTP Request,200,OK,Thread Group 1-17,text,50,50,1895
1559878664793,1701,HTTP Request,200,OK,Thread Group 1-40,text,50,50,1701
1559878664893,1602,HTTP Request,200,OK,Thread Group 1-12,text,50,50,1602
1559878664894,1601,HTTP Request,200,OK,Thread Group 1-8,text,50,50,1601
1559878664998,1501,HTTP Request,200,OK,Thread Group 1-41,text,50,50,1501
1559878664899,1692,HTTP Request,200,OK,Thread Group 1-45,text,50,50,1692
1559878665096,1497,HTTP Request,200,OK,Thread Group 1-37,text,50,50,1496
1559878665000,1689,HTTP Request,200,OK,Thread Group 1-23,text,50,50,1688
1559878665096,1594,HTTP Request,200,OK,Thread Group 1-14,text,50,50,1594
1559878665197,1493,HTTP Request,200,OK,Thread Group 1-10,text,50,50,1493
1559878665300,1391,HTTP Request,200,OK,Thread Group 1-22,text,50,50,1391
1559878665301,1489,HTTP Request,200,OK,Thread Group 1-43,text,50,50,1489
1559878665399,1487,HTTP Request,200,OK,Thread Group 1-6,text,50,50,1486
1559878665305,1583,HTTP Request,200,OK,Thread Group 1-11,text,50,50,1583
1559878665303,1591,HTTP Request,200,OK,Thread Group 1-9,text,50,50,1591
1559878665399,1496,HTTP Request,200,OK,Thread Group 1-50,text,50,50,1496
1559878665499,1489,HTTP Request,200,OK,Thread Group 1-15,text,50,50,1489
1559878665598,1489,HTTP Request,200,OK,Thread Group 1-19,text,50,50,1489
1559878665698,1392,HTTP Request,200,OK,Thread Group 1-24,text,50,50,1392
1559878665596,1494,HTTP Request,200,OK,Thread Group 1-46,text,50,50,1494
1559878665698,1493,HTTP Request,200,OK,Thread Group 1-20,text,50,50,1492
1559878665794,1400,HTTP Request,200,OK,Thread Group 1-18,text,50,50,1400
1559878665797,1493,HTTP Request,200,OK,Thread Group 1-21,text,50,50,1492
1559878665899,1393,HTTP Request,200,OK,Thread Group 1-16,text,50,50,1393
1559878665905,1485,HTTP Request,200,OK,Thread Group 1-26,text,50,50,1485
1559878665993,1399,HTTP Request,200,OK,Thread Group 1-32,text,50,50,1399
1559878665993,1501,HTTP Request,200,OK,Thread Group 1-2,text,50,50,1501
1559878666198,1488,HTTP Request,200,OK,Thread Group 1-28,text,50,50,1488
1559878666292,1396,HTTP Request,200,OK,Thread Group 1-33,text,50,50,1396
1559878666097,1594,HTTP Request,200,OK,Thread Group 1-7,text,50,50,1594
1559878666196,1497,HTTP Request,200,OK,Thread Group 1-29,text,50,50,1497
1559878666294,1596,HTTP Request,200,OK,Thread Group 1-27,text,50,50,1596
1559878666398,1492,HTTP Request,200,OK,Thread Group 1-35,text,50,50,1492
1559878666493,1498,HTTP Request,200,OK,Thread Group 1-13,text,50,50,1498
1559878666395,1693,HTTP Request,200,OK,Thread Group 1-31,text,50,50,1693
1559878666598,1491,HTTP Request,200,OK,Thread Group 1-44,text,50,50,1491
1559878666496,1690,HTTP Request,200,OK,Thread Group 1-38,text,50,50,1690
1559878666693,1592,HTTP Request,200,OK,Thread Group 1-34,text,50,50,1592
1559878666597,1697,HTTP Request,200,OK,Thread Group 1-4,text,50,50,1697
1559878666694,1791,HTTP Request,200,OK,Thread Group 1-39,text,50,50,1791
1559878666698,1788,HTTP Request,200,OK,Thread Group 1-49,text,50,50,1788
1559878666797,1690,HTTP Request,200,OK,Thread Group 1-42,text,50,50,1690
1559878666898,1693,HTTP Request,200,OK,Thread Group 1-5,text,50,50,1693
1559878666900,1693,HTTP Request,200,OK,Thread Group 1-25,text,50,50,1693
1559878666996,1598,HTTP Request,200,OK,Thread Group 1-47,text,50,50,1598
1559878666799,1890,HTTP Request,200,OK,Thread Group 1-48,text,50,50,1890
1559878667098,1592,HTTP Request,200,OK,Thread Group 1-3,text,50,50,1591
1559878667101,1594,HTTP Request,200,OK,Thread Group 1-36,text,50,50,1594
1559878667396,1396,HTTP Request,200,OK,Thread Group 1-17,text,50,50,1396
1559878667294,1594,HTTP Request,200,OK,Thread Group 1-1,text,50,50,1594
1559878667397,1491,HTTP Request,200,OK,Thread Group 1-30,text,50,50,1491
1559878667399,1496,HTTP Request,200,OK,Thread Group 1-8,text,50,50,1496
1559878667397,1590,HTTP Request,200,OK,Thread Group 1-40,text,50,50,1590
1559878667399,1590,HTTP Request,200,OK,Thread Group 1-12,text,50,50,1590
1559878667401,1689,HTTP Request,200,OK,Thread Group 1-41,text,50,50,1689
1559878667502,1590,HTTP Request,200,OK,Thread Group 1-37,text,50,50,1590
1559878667591,1505,HTTP Request,200,OK,Thread Group 1-23,text,50,50,1505
1559878667500,1592,HTTP Request,200,OK,Thread Group 1-45,text,50,50,1592
1559878667592,1599,HTTP Request,200,OK,Thread Group 1-14,text,50,50,1598
1559878667592,1694,HTTP Request,200,OK,Thread Group 1-10,text,50,50,1694
1559878667697,1595,HTTP Request,200,OK,Thread Group 1-43,text,50,50,1595
1559878667593,1700,HTTP Request,200,OK,Thread Group 1-22,text,50,50,1699
1559878667793,1594,HTTP Request,200,OK,Thread Group 1-6,text,50,50,1594
1559878667794,1601,HTTP Request,200,OK,Thread Group 1-11,text,50,50,1601
1559878667801,1691,HTTP Request,200,OK,Thread Group 1-9,text,50,50,1691
1559878667802,1691,HTTP Request,200,OK,Thread Group 1-50,text,50,50,1691
1559878667895,1694,HTTP Request,200,OK,Thread Group 1-15,text,50,50,1694
1559878667994,1598,HTTP Request,200,OK,Thread Group 1-19,text,50,50,1597
1559878667997,1597,HTTP Request,200,OK,Thread Group 1-24,text,50,50,1597
1559878667997,1694,HTTP Request,200,OK,Thread Group 1-46,text,50,50,1694
1559878668100,1591,HTTP Request,200,OK,Thread Group 1-18,text,50,50,1591
1559878668097,1594,HTTP Request,200,OK,Thread Group 1-20,text,50,50,1594
1559878668299,1495,HTTP Request,200,OK,Thread Group 1-26,text,50,50,1495
1559878668196,1691,HTTP Request,200,OK,Thread Group 1-21,text,50,50,1691
1559878668198,1789,HTTP Request,200,OK,Thread Group 1-16,text,50,50,1789
1559878668299,1689,HTTP Request,200,OK,Thread Group 1-32,text,50,50,1689
1559878668400,1588,HTTP Request,200,OK,Thread Group 1-2,text,50,50,1588
1559878668591,1398,HTTP Request,200,OK,Thread Group 1-28,text,50,50,1398
1559878668598,1396,HTTP Request,200,OK,Thread Group 1-7,text,50,50,1396
1559878668595,1399,HTTP Request,200,OK,Thread Group 1-33,text,50,50,1399
1559878668799,1199,HTTP Request,200,OK,Thread Group 1-35,text,50,50,1199
1559878668799,1290,HTTP Request,200,OK,Thread Group 1-27,text,50,50,1290
1559878668599,1490,HTTP Request,200,OK,Thread Group 1-29,text,50,50,1490
1559878668897,1289,HTTP Request,200,OK,Thread Group 1-13,text,50,50,1289
1559878668995,1198,HTTP Request,200,OK,Thread Group 1-31,text,50,50,1198
1559878668996,1197,HTTP Request,200,OK,Thread Group 1-44,text,50,50,1197
1559878669093,1295,HTTP Request,200,OK,Thread Group 1-38,text,50,50,1295
1559878669193,1200,HTTP Request,200,OK,Thread Group 1-34,text,50,50,1200
1559878669392,1097,HTTP Request,200,OK,Thread Group 1-42,text,50,50,1096
1559878669200,1291,HTTP Request,200,OK,Thread Group 1-4,text,50,50,1290
1559878669395,1097,HTTP Request,200,OK,Thread Group 1-39,text,50,50,1097
1559878669391,1104,HTTP Request,200,OK,Thread Group 1-49,text,50,50,1104
1559878669501,1186,HTTP Request,200,OK,Thread Group 1-25,text,50,50,1186
1559878669498,1192,HTTP Request,200,OK,Thread Group 1-5,text,50,50,1192
1559878669501,1293,HTTP Request,200,OK,Thread Group 1-47,text,50,50,1293
1559878669602,1283,HTTP Request,200,OK,Thread Group 1-36,text,50,50,1283
1559878669596,1290,HTTP Request,200,OK,Thread Group 1-3,text,50,50,1290
1559878669596,1291,HTTP Request,200,OK,Thread Group 1-48,text,50,50,1291
1559878669795,1096,HTTP Request,200,OK,Thread Group 1-1,text,50,50,1096
1559878669699,1286,HTTP Request,200,OK,Thread Group 1-17,text,50,50,1286
1559878669801,1190,HTTP Request,200,OK,Thread Group 1-8,text,50,50,1190
1559878669796,1196,HTTP Request,200,OK,Thread Group 1-30,text,50,50,1196
1559878669894,1291,HTTP Request,200,OK,Thread Group 1-40,text,50,50,1291
1559878669896,1291,HTTP Request,200,OK,Thread Group 1-12,text,50,50,1291
1559878669996,1193,HTTP Request,200,OK,Thread Group 1-41,text,50,50,1193
1559878670003,1191,HTTP Request,200,OK,Thread Group 1-23,text,50,50,1191
1559878669999,1291,HTTP Request,200,OK,Thread Group 1-37,text,50,50,1291
1559878670097,1193,HTTP Request,200,OK,Thread Group 1-14,text,50,50,1193
1559878670194,1097,HTTP Request,200,OK,Thread Group 1-10,text,50,50,1097
1559878670003,1384,HTTP Request,200,OK,Thread Group 1-45,text,50,50,1384
1559878670200,1187,HTTP Request,200,OK,Thread Group 1-22,text,50,50,1187
1559878670200,1289,HTTP Request,200,OK,Thread Group 1-43,text,50,50,1289
1559878670295,1295,HTTP Request,200,OK,Thread Group 1-6,text,50,50,1295
1559878670396,1289,HTTP Request,200,OK,Thread Group 1-9,text,50,50,1289
1559878670297,1391,HTTP Request,200,OK,Thread Group 1-11,text,50,50,1391
1559878670396,1294,HTTP Request,200,OK,Thread Group 1-50,text,50,50,1294
1559878670493,1294,HTTP Request,200,OK,Thread Group 1-15,text,50,50,1294
1559878670498,1390,HTTP Request,200,OK,Thread Group 1-24,text,50,50,1390
1559878670598,1290,HTTP Request,200,OK,Thread Group 1-20,text,50,50,1290
1559878670494,1397,HTTP Request,200,OK,Thread Group 1-19,text,50,50,1397
1559878670598,1391,HTTP Request,200,OK,Thread Group 1-46,text,50,50,1391
1559878670700,1289,HTTP Request,200,OK,Thread Group 1-26,text,50,50,1289
1559878670890,1103,HTTP Request,200,OK,Thread Group 1-32,text,50,50,1103
1559878670598,1487,HTTP Request,200,OK,Thread Group 1-18,text,50,50,1487
1559878670794,1296,HTTP Request,200,OK,Thread Group 1-21,text,50,50,1296
1559878670892,1299,HTTP Request,200,OK,Thread Group 1-2,text,50,50,1299
1559878670891,1302,HTTP Request,200,OK,Thread Group 1-16,text,50,50,1302
1559878670893,1392,HTTP Request,200,OK,Thread Group 1-28,text,50,50,1392
1559878670897,1489,HTTP Request,200,OK,Thread Group 1-33,text,50,50,1489
1559878670900,1589,HTTP Request,200,OK,Thread Group 1-35,text,50,50,1589
1559878670997,1492,HTTP Request,200,OK,Thread Group 1-29,text,50,50,1492
1559878670897,1592,HTTP Request,200,OK,Thread Group 1-7,text,50,50,1592
1559878670997,1496,HTTP Request,200,OK,Thread Group 1-27,text,50,50,1496
1559878671100,1395,HTTP Request,200,OK,Thread Group 1-44,text,50,50,1395
1559878671093,1405,HTTP Request,200,OK,Thread Group 1-13,text,50,50,1405
1559878671295,1297,HTTP Request,200,OK,Thread Group 1-38,text,50,50,1297
1559878671100,1685,HTTP Request,200,OK,Thread Group 1-31,text,50,50,1685
1559878671396,1394,HTTP Request,200,OK,Thread Group 1-42,text,50,50,1394
1559878671297,1593,HTTP Request,200,OK,Thread Group 1-34,text,50,50,1593
1559878671403,1487,HTTP Request,200,OK,Thread Group 1-39,text,50,50,1487
1559878671399,1492,HTTP Request,200,OK,Thread Group 1-4,text,50,50,1492
1559878671402,1490,HTTP Request,200,OK,Thread Group 1-49,text,50,50,1490
1559878671595,1392,HTTP Request,200,OK,Thread Group 1-25,text,50,50,1392
1559878671597,1490,HTTP Request,200,OK,Thread Group 1-5,text,50,50,1490
1559878671791,1297,HTTP Request,200,OK,Thread Group 1-3,text,50,50,1297
1559878671701,1390,HTTP Request,200,OK,Thread Group 1-47,text,50,50,1390
1559878671793,1400,HTTP Request,200,OK,Thread Group 1-48,text,50,50,1400
1559878671792,1495,HTTP Request,200,OK,Thread Group 1-36,text,50,50,1495
1559878671793,1494,HTTP Request,200,OK,Thread Group 1-1,text,50,50,1494
1559878671896,1394,HTTP Request,200,OK,Thread Group 1-17,text,50,50,1393
1559878671900,1494,HTTP Request,200,OK,Thread Group 1-8,text,50,50,1494
1559878671900,1585,HTTP Request,200,OK,Thread Group 1-30,text,50,50,1585
1559878672094,1395,HTTP Request,200,OK,Thread Group 1-41,text,50,50,1395
1559878672093,1493,HTTP Request,200,OK,Thread Group 1-40,text,50,50,1493
1559878672093,1498,HTTP Request,200,OK,Thread Group 1-12,text,50,50,1498
1559878672096,1495,HTTP Request,200,OK,Thread Group 1-23,text,50,50,1495
1559878672200,1396,HTTP Request,200,OK,Thread Group 1-14,text,50,50,1396
1559878672200,1398,HTTP Request,200,OK,Thread Group 1-10,text,50,50,1398
1559878672201,1485,HTTP Request,200,OK,Thread Group 1-37,text,50,50,1484
1559878672396,1293,HTTP Request,200,OK,Thread Group 1-43,text,50,50,1293
1559878672295,1394,HTTP Request,200,OK,Thread Group 1-45,text,50,50,1394
1559878672295,1395,HTTP Request,200,OK,Thread Group 1-22,text,50,50,1395
1559878672496,1196,HTTP Request,200,OK,Thread Group 1-6,text,50,50,1196
1559878672595,1190,HTTP Request,200,OK,Thread Group 1-11,text,50,50,1190
1559878672594,1194,HTTP Request,200,OK,Thread Group 1-9,text,50,50,1194
1559878672694,1197,HTTP Request,200,OK,Thread Group 1-15,text,50,50,1196
1559878672598,1292,HTTP Request,200,OK,Thread Group 1-50,text,50,50,1292
1559878672797,1102,HTTP Request,200,OK,Thread Group 1-20,text,50,50,1102
1559878672797,1291,HTTP Request,200,OK,Thread Group 1-24,text,50,50,1291
1559878672894,1194,HTTP Request,200,OK,Thread Group 1-26,text,50,50,1194
1559878672803,1285,HTTP Request,200,OK,Thread Group 1-19,text,50,50,1285
1559878672893,1298,HTTP Request,200,OK,Thread Group 1-46,text,50,50,1298
1559878672993,1295,HTTP Request,200,OK,Thread Group 1-18,text,50,50,1295
1559878672897,1391,HTTP Request,200,OK,Thread Group 1-32,text,50,50,1391
1559878672997,1293,HTTP Request,200,OK,Thread Group 1-21,text,50,50,1293
1559878673098,1196,HTTP Request,200,OK,Thread Group 1-2,text,50,50,1196
1559878673193,1296,HTTP Request,200,OK,Thread Group 1-28,text,50,50,1295
1559878673100,1391,HTTP Request,200,OK,Thread Group 1-16,text,50,50,1391
1559878673293,1293,HTTP Request,200,OK,Thread Group 1-33,text,50,50,1293
1559878673394,1192,HTTP Request,200,OK,Thread Group 1-35,text,50,50,1191
1559878673395,1201,HTTP Request,200,OK,Thread Group 1-29,text,50,50,1200
1559878673396,1390,HTTP Request,200,OK,Thread Group 1-27,text,50,50,1390
1559878673398,1390,HTTP Request,200,OK,Thread Group 1-44,text,50,50,1390
1559878673400,1391,HTTP Request,200,OK,Thread Group 1-13,text,50,50,1391
1559878673396,1390,HTTP Request,200,OK,Thread Group 1-7,text,50,50,1390
1559878673499,1393,HTTP Request,200,OK,Thread Group 1-38,text,50,50,1393
1559878673692,1201,HTTP Request,200,OK,Thread Group 1-31,text,50,50,1201
1559878673697,1290,HTTP Request,200,OK,Thread Group 1-42,text,50,50,1290
1559878673800,1192,HTTP Request,200,OK,Thread Group 1-4,text,50,50,1192
1559878673800,1290,HTTP Request,200,OK,Thread Group 1-34,text,50,50,1290
1559878673802,1288,HTTP Request,200,OK,Thread Group 1-39,text,50,50,1288
1559878673802,1290,HTTP Request,200,OK,Thread Group 1-49,text,50,50,1290
1559878673894,1298,HTTP Request,200,OK,Thread Group 1-25,text,50,50,1298
1559878673996,1292,HTTP Request,200,OK,Thread Group 1-5,text,50,50,1292
1559878673998,1295,HTTP Request,200,OK,Thread Group 1-47,text,50,50,1295
1559878673998,1295,HTTP Request,200,OK,Thread Group 1-3,text,50,50,1295
1559878674100,1292,HTTP Request,200,OK,Thread Group 1-48,text,50,50,1292
1559878674193,1295,HTTP Request,200,OK,Thread Group 1-36,text,50,50,1294
1559878674193,1301,HTTP Request,200,OK,Thread Group 1-1,text,50,50,1301
1559878674193,1396,HTTP Request,200,OK,Thread Group 1-17,text,50,50,1396
1559878674393,1200,HTTP Request,200,OK,Thread Group 1-30,text,50,50,1200
1559878674495,1191,HTTP Request,200,OK,Thread Group 1-12,text,50,50,1191
1559878674396,1290,HTTP Request,200,OK,Thread Group 1-41,text,50,50,1290
1559878674301,1385,HTTP Request,200,OK,Thread Group 1-8,text,50,50,1385
1559878674493,1195,HTTP Request,200,OK,Thread Group 1-40,text,50,50,1194
1559878674496,1195,HTTP Request,200,OK,Thread Group 1-23,text,50,50,1195
1559878674498,1193,HTTP Request,200,OK,Thread Group 1-14,text,50,50,1193
1559878674500,1192,HTTP Request,200,OK,Thread Group 1-10,text,50,50,1192
1559878674588,1206,HTTP Request,200,OK,Thread Group 1-37,text,50,50,1205
1559878674596,1296,HTTP Request,200,OK,Thread Group 1-43,text,50,50,1296
1559878674596,1298,HTTP Request,200,OK,Thread Group 1-45,text,50,50,1298
1559878674595,1392,HTTP Request,200,OK,Thread Group 1-22,text,50,50,1392
1559878674693,1403,HTTP Request,200,OK,Thread Group 1-11,text,50,50,1402
1559878674597,1501,HTTP Request,200,OK,Thread Group 1-6,text,50,50,1501
1559878674695,1494,HTTP Request,200,OK,Thread Group 1-9,text,50,50,1494
1559878674808,1478,HTTP Request,200,OK,Thread Group 1-20,text,50,50,1478
1559878674998,1289,HTTP Request,200,OK,Thread Group 1-24,text,50,50,1288
1559878674801,1487,HTTP Request,200,OK,Thread Group 1-15,text,50,50,1487
1559878674998,1290,HTTP Request,200,OK,Thread Group 1-19,text,50,50,1290
1559878674799,1493,HTTP Request,200,OK,Thread Group 1-50,text,50,50,1493
1559878675001,1387,HTTP Request,200,OK,Thread Group 1-26,text,50,50,1387
1559878675098,1292,HTTP Request,200,OK,Thread Group 1-46,text,50,50,1292
1559878675197,1194,HTTP Request,200,OK,Thread Group 1-18,text,50,50,1194
1559878675197,1194,HTTP Request,200,OK,Thread Group 1-32,text,50,50,1194
1559878675205,1288,HTTP Request,200,OK,Thread Group 1-2,text,50,50,1288
1559878675200,1294,HTTP Request,200,OK,Thread Group 1-21,text,50,50,1294
1559878675396,1195,HTTP Request,200,OK,Thread Group 1-28,text,50,50,1195
1559878675398,1195,HTTP Request,200,OK,Thread Group 1-16,text,50,50,1195
1559878675497,1195,HTTP Request,200,OK,Thread Group 1-35,text,50,50,1195
1559878675502,1284,HTTP Request,200,OK,Thread Group 1-29,text,50,50,1283
1559878675498,1290,HTTP Request,200,OK,Thread Group 1-33,text,50,50,1290
1559878675692,1097,HTTP Request,200,OK,Thread Group 1-27,text,50,50,1097
1559878675693,1194,HTTP Request,200,OK,Thread Group 1-13,text,50,50,1194
1559878675694,1196,HTTP Request,200,OK,Thread Group 1-44,text,50,50,1196
1559878675694,1197,HTTP Request,200,OK,Thread Group 1-7,text,50,50,1197
1559878675893,1098,HTTP Request,200,OK,Thread Group 1-42,text,50,50,1098
1559878675800,1191,HTTP Request,200,OK,Thread Group 1-38,text,50,50,1191
1559878675800,1293,HTTP Request,200,OK,Thread Group 1-31,text,50,50,1293
1559878675894,1199,HTTP Request,200,OK,Thread Group 1-4,text,50,50,1199
1559878675999,1192,HTTP Request,200,OK,Thread Group 1-34,text,50,50,1192
1559878675999,1288,HTTP Request,200,OK,Thread Group 1-39,text,50,50,1288
1559878676099,1192,HTTP Request,200,OK,Thread Group 1-25,text,50,50,1192
1559878675999,1292,HTTP Request,200,OK,Thread Group 1-49,text,50,50,1292
1559878676195,1195,HTTP Request,200,OK,Thread Group 1-5,text,50,50,1195
1559878676201,1194,HTTP Request,200,OK,Thread Group 1-47,text,50,50,1194
1559878676201,1287,HTTP Request,200,OK,Thread Group 1-3,text,50,50,1287
1559878676299,1189,HTTP Request,200,OK,Thread Group 1-48,text,50,50,1189
1559878676401,1191,HTTP Request,200,OK,Thread Group 1-1,text,50,50,1191
1559878676500,1093,HTTP Request,200,OK,Thread Group 1-30,text,50,50,1092
1559878676590,1096,HTTP Request,200,OK,Thread Group 1-12,text,50,50,1096
1559878676397,1289,HTTP Request,200,OK,Thread Group 1-36,text,50,50,1289
1559878676496,1191,HTTP Request,200,OK,Thread Group 1-17,text,50,50,1191
1559878676591,1100,HTTP Request,200,OK,Thread Group 1-8,text,50,50,1099
1559878676592,1099,HTTP Request,200,OK,Thread Group 1-41,text,50,50,1099
1559878676593,1098,HTTP Request,200,OK,Thread Group 1-40,text,50,50,1098
1559878676594,1098,HTTP Request,200,OK,Thread Group 1-23,text,50,50,1098
1559878676595,1198,HTTP Request,200,OK,Thread Group 1-10,text,50,50,1198
1559878676700,1191,HTTP Request,200,OK,Thread Group 1-37,text,50,50,1190
1559878676596,1295,HTTP Request,200,OK,Thread Group 1-14,text,50,50,1295
1559878676800,1193,HTTP Request,200,OK,Thread Group 1-43,text,50,50,1193
1559878676801,1284,HTTP Request,200,OK,Thread Group 1-45,text,50,50,1284
1559878676894,1198,HTTP Request,200,OK,Thread Group 1-22,text,50,50,1198
1559878677005,1087,HTTP Request,200,OK,Thread Group 1-6,text,50,50,1087
1559878677003,1286,HTTP Request,200,OK,Thread Group 1-11,text,50,50,1286
1559878677192,1100,HTTP Request,200,OK,Thread Group 1-19,text,50,50,1100
1559878677191,1195,HTTP Request,200,OK,Thread Group 1-20,text,50,50,1195
1559878677097,1296,HTTP Request,200,OK,Thread Group 1-9,text,50,50,1296
1559878677193,1200,HTTP Request,200,OK,Thread Group 1-24,text,50,50,1200
1559878677195,1295,HTTP Request,200,OK,Thread Group 1-50,text,50,50,1295
1559878677194,1298,HTTP Request,200,OK,Thread Group 1-15,text,50,50,1298
1559878677300,1288,HTTP Request,200,OK,Thread Group 1-18,text,50,50,1288
1559878677295,1293,HTTP Request,200,OK,Thread Group 1-26,text,50,50,1293
1559878677300,1296,HTTP Request,200,OK,Thread Group 1-46,text,50,50,1296
1559878677303,1294,HTTP Request,200,OK,Thread Group 1-32,text,50,50,1294
1559878677401,1390,HTTP Request,200,OK,Thread Group 1-21,text,50,50,1390
1559878677500,1292,HTTP Request,200,OK,Thread Group 1-28,text,50,50,1292
1559878677400,1392,HTTP Request,200,OK,Thread Group 1-2,text,50,50,1392
1559878677501,1386,HTTP Request,200,OK,Thread Group 1-16,text,50,50,1386
1559878677599,1288,HTTP Request,200,OK,Thread Group 1-35,text,50,50,1288
1559878677693,1296,HTTP Request,200,OK,Thread Group 1-27,text,50,50,1296
1559878677692,1393,HTTP Request,200,OK,Thread Group 1-29,text,50,50,1393
1559878677693,1396,HTTP Request,200,OK,Thread Group 1-33,text,50,50,1396
1559878677796,1294,HTTP Request,200,OK,Thread Group 1-13,text,50,50,1293
1559878677799,1488,HTTP Request,200,OK,Thread Group 1-44,text,50,50,1488
1559878677895,1395,HTTP Request,200,OK,Thread Group 1-42,text,50,50,1395
1559878677799,1494,HTTP Request,200,OK,Thread Group 1-7,text,50,50,1494
1559878677895,1400,HTTP Request,200,OK,Thread Group 1-38,text,50,50,1400
1559878678001,1296,HTTP Request,200,OK,Thread Group 1-31,text,50,50,1296
1559878678197,1388,HTTP Request,200,OK,Thread Group 1-39,text,50,50,1388
1559878678200,1385,HTTP Request,200,OK,Thread Group 1-49,text,50,50,1385
1559878678198,1390,HTTP Request,200,OK,Thread Group 1-25,text,50,50,1390
1559878678098,1493,HTTP Request,200,OK,Thread Group 1-34,text,50,50,1493
1559878678297,1296,HTTP Request,200,OK,Thread Group 1-5,text,50,50,1296
1559878678001,1687,HTTP Request,200,OK,Thread Group 1-4,text,50,50,1687
1559878678302,1391,HTTP Request,200,OK,Thread Group 1-47,text,50,50,1391
1559878678396,1298,HTTP Request,200,OK,Thread Group 1-3,text,50,50,1298
1559878678400,1295,HTTP Request,200,OK,Thread Group 1-48,text,50,50,1295
1559878678501,1195,HTTP Request,200,OK,Thread Group 1-1,text,50,50,1195
1559878678501,1196,HTTP Request,200,OK,Thread Group 1-30,text,50,50,1196
1559878678589,1109,HTTP Request,200,OK,Thread Group 1-12,text,50,50,1109
1559878678591,1108,HTTP Request,200,OK,Thread Group 1-36,text,50,50,1108
1559878678592,1109,HTTP Request,200,OK,Thread Group 1-17,text,50,50,1109
1559878678594,1198,HTTP Request,200,OK,Thread Group 1-40,text,50,50,1198
1559878678594,1198,HTTP Request,200,OK,Thread Group 1-8,text,50,50,1198
1559878678594,1298,HTTP Request,200,OK,Thread Group 1-41,text,50,50,1298
1559878678595,1391,HTTP Request,200,OK,Thread Group 1-23,text,50,50,1391
1559878678701,1388,HTTP Request,200,OK,Thread Group 1-10,text,50,50,1388
1559878678799,1293,HTTP Request,200,OK,Thread Group 1-14,text,50,50,1293
1559878678900,1289,HTTP Request,200,OK,Thread Group 1-43,text,50,50,1289
1559878678798,1391,HTTP Request,200,OK,Thread Group 1-37,text,50,50,1391
1559878678993,1197,HTTP Request,200,OK,Thread Group 1-45,text,50,50,1197
1559878678995,1299,HTTP Request,200,OK,Thread Group 1-6,text,50,50,1299
1559878679197,1189,HTTP Request,200,OK,Thread Group 1-11,text,50,50,1188
1559878679199,1193,HTTP Request,200,OK,Thread Group 1-19,text,50,50,1193
1559878678995,1492,HTTP Request,200,OK,Thread Group 1-22,text,50,50,1492
1559878679293,1196,HTTP Request,200,OK,Thread Group 1-20,text,50,50,1196
1559878679296,1294,HTTP Request,200,OK,Thread Group 1-9,text,50,50,1294
1559878679296,1295,HTTP Request,200,OK,Thread Group 1-24,text,50,50,1295
1559878679397,1198,HTTP Request,200,OK,Thread Group 1-50,text,50,50,1198
1559878679399,1289,HTTP Request,200,OK,Thread Group 1-15,text,50,50,1289
1559878679501,1288,HTTP Request,200,OK,Thread Group 1-18,text,50,50,1288
1559878679504,1381,HTTP Request,200,OK,Thread Group 1-46,text,50,50,1381
1559878679496,1390,HTTP Request,200,OK,Thread Group 1-26,text,50,50,1390
1559878679702,1289,HTTP Request,200,OK,Thread Group 1-2,text,50,50,1289
1559878679504,1583,HTTP Request,200,OK,Thread Group 1-32,text,50,50,1583
1559878679702,1388,HTTP Request,200,OK,Thread Group 1-21,text,50,50,1388
1559878679702,1388,HTTP Request,200,OK,Thread Group 1-28,text,50,50,1388
1559878679796,1295,HTTP Request,200,OK,Thread Group 1-35,text,50,50,1295
1559878679897,1290,HTTP Request,200,OK,Thread Group 1-27,text,50,50,1290
1559878679796,1391,HTTP Request,200,OK,Thread Group 1-16,text,50,50,1391
1559878679995,1292,HTTP Request,200,OK,Thread Group 1-29,text,50,50,1292
1559878679996,1292,HTTP Request,200,OK,Thread Group 1-33,text,50,50,1292
1559878679996,1393,HTTP Request,200,OK,Thread Group 1-13,text,50,50,1393
1559878680196,1195,HTTP Request,200,OK,Thread Group 1-42,text,50,50,1195
1559878680198,1389,HTTP Request,200,OK,Thread Group 1-44,text,50,50,1389
1559878680196,1392,HTTP Request,200,OK,Thread Group 1-7,text,50,50,1392
1559878680198,1393,HTTP Request,200,OK,Thread Group 1-38,text,50,50,1393
1559878680199,1392,HTTP Request,200,OK,Thread Group 1-31,text,50,50,1392
1559878680493,1192,HTTP Request,200,OK,Thread Group 1-39,text,50,50,1192
1559878680494,1194,HTTP Request,200,OK,Thread Group 1-25,text,50,50,1194
1559878680494,1197,HTTP Request,200,OK,Thread Group 1-49,text,50,50,1197
1559878680495,1198,HTTP Request,200,OK,Thread Group 1-34,text,50,50,1198
1559878680495,1198,HTTP Request,200,OK,Thread Group 1-5,text,50,50,1198
1559878680597,1101,HTTP Request,200,OK,Thread Group 1-3,text,50,50,1101
1559878680596,1194,HTTP Request,200,OK,Thread Group 1-47,text,50,50,1194
1559878680592,1198,HTTP Request,200,OK,Thread Group 1-4,text,50,50,1198
1559878680599,1288,HTTP Request,200,OK,Thread Group 1-30,text,50,50,1288
1559878680600,1389,HTTP Request,200,OK,Thread Group 1-48,text,50,50,1389
1559878680601,1394,HTTP Request,200,OK,Thread Group 1-1,text,50,50,1394
1559878680601,1488,HTTP Request,200,OK,Thread Group 1-12,text,50,50,1488
1559878680603,1487,HTTP Request,200,OK,Thread Group 1-17,text,50,50,1486
1559878680700,1486,HTTP Request,200,OK,Thread Group 1-40,text,50,50,1486
1559878680603,1585,HTTP Request,200,OK,Thread Group 1-36,text,50,50,1585
1559878680701,1585,HTTP Request,200,OK,Thread Group 1-8,text,50,50,1585
1559878680799,1494,HTTP Request,200,OK,Thread Group 1-41,text,50,50,1494
1559878680894,1491,HTTP Request,200,OK,Thread Group 1-23,text,50,50,1491
1559878680999,1492,HTTP Request,200,OK,Thread Group 1-14,text,50,50,1492
1559878680999,1586,HTTP Request,200,OK,Thread Group 1-10,text,50,50,1586
1559878681099,1489,HTTP Request,200,OK,Thread Group 1-43,text,50,50,1489
1559878681100,1492,HTTP Request,200,OK,Thread Group 1-45,text,50,50,1491
1559878681101,1590,HTTP Request,200,OK,Thread Group 1-37,text,50,50,1590
1559878681299,1395,HTTP Request,200,OK,Thread Group 1-19,text,50,50,1394
1559878681201,1588,HTTP Request,200,OK,Thread Group 1-6,text,50,50,1588
1559878681294,1499,HTTP Request,200,OK,Thread Group 1-11,text,50,50,1499
1559878681393,1400,HTTP Request,200,OK,Thread Group 1-20,text,50,50,1400
1559878681393,1402,HTTP Request,200,OK,Thread Group 1-22,text,50,50,1402
1559878681500,1491,HTTP Request,200,OK,Thread Group 1-9,text,50,50,1491
1559878681503,1582,HTTP Request,200,OK,Thread Group 1-50,text,50,50,1582
1559878681596,1492,HTTP Request,200,OK,Thread Group 1-15,text,50,50,1492
1559878681500,1592,HTTP Request,200,OK,Thread Group 1-24,text,50,50,1592
1559878681697,1489,HTTP Request,200,OK,Thread Group 1-18,text,50,50,1489
1559878681795,1394,HTTP Request,200,OK,Thread Group 1-26,text,50,50,1394
1559878681796,1397,HTTP Request,200,OK,Thread Group 1-46,text,50,50,1397
1559878681898,1489,HTTP Request,200,OK,Thread Group 1-2,text,50,50,1489
1559878682000,1389,HTTP Request,200,OK,Thread Group 1-21,text,50,50,1389
1559878681995,1396,HTTP Request,200,OK,Thread Group 1-32,text,50,50,1396
1559878682003,1484,HTTP Request,200,OK,Thread Group 1-28,text,50,50,1484
1559878682003,1487,HTTP Request,200,OK,Thread Group 1-35,text,50,50,1486
1559878682096,1492,HTTP Request,200,OK,Thread Group 1-27,text,50,50,1492
1559878682096,1493,HTTP Request,200,OK,Thread Group 1-16,text,50,50,1493
1559878682196,1400,HTTP Request,200,OK,Thread Group 1-29,text,50,50,1400
1559878682196,1491,HTTP Request,200,OK,Thread Group 1-33,text,50,50,1491
1559878682297,1492,HTTP Request,200,OK,Thread Group 1-13,text,50,50,1492
1559878682493,1296,HTTP Request,200,OK,Thread Group 1-7,text,50,50,1296
1559878682299,1491,HTTP Request,200,OK,Thread Group 1-42,text,50,50,1491
1559878682493,1398,HTTP Request,200,OK,Thread Group 1-44,text,50,50,1398
1559878682494,1401,HTTP Request,200,OK,Thread Group 1-31,text,50,50,1400
1559878682494,1491,HTTP Request,200,OK,Thread Group 1-38,text,50,50,1491
1559878682591,1397,HTTP Request,200,OK,Thread Group 1-39,text,50,50,1397
1559878682592,1499,HTTP Request,200,OK,Thread Group 1-25,text,50,50,1499
1559878682595,1592,HTTP Request,200,OK,Thread Group 1-34,text,50,50,1592
1559878682598,1590,HTTP Request,200,OK,Thread Group 1-5,text,50,50,1590
1559878682699,1688,HTTP Request,200,OK,Thread Group 1-47,text,50,50,1688
1559878682598,1789,HTTP Request,200,OK,Thread Group 1-49,text,50,50,1789
1559878682794,1595,HTTP Request,200,OK,Thread Group 1-30,text,50,50,1595
1559878682601,1788,HTTP Request,200,OK,Thread Group 1-3,text,50,50,1788
1559878682699,1786,HTTP Request,200,OK,Thread Group 1-4,text,50,50,1786
1559878682896,1593,HTTP Request,200,OK,Thread Group 1-48,text,50,50,1592
1559878682898,1596,HTTP Request,200,OK,Thread Group 1-1,text,50,50,1596
1559878682997,1693,HTTP Request,200,OK,Thread Group 1-17,text,50,50,1693
1559878683094,1602,HTTP Request,200,OK,Thread Group 1-40,text,50,50,1602
1559878682999,1787,HTTP Request,200,OK,Thread Group 1-12,text,50,50,1787
1559878683194,1592,HTTP Request,200,OK,Thread Group 1-8,text,50,50,1592
1559878683096,1691,HTTP Request,200,OK,Thread Group 1-36,text,50,50,1691
1559878683202,1687,HTTP Request,200,OK,Thread Group 1-41,text,50,50,1687
1559878683293,1596,HTTP Request,200,OK,Thread Group 1-23,text,50,50,1596
1559878683398,1496,HTTP Request,200,OK,Thread Group 1-14,text,50,50,1496
1559878683497,1589,HTTP Request,200,OK,Thread Group 1-43,text,50,50,1589
1559878683500,1588,HTTP Request,200,OK,Thread Group 1-45,text,50,50,1588
1559878683495,1593,HTTP Request,200,OK,Thread Group 1-10,text,50,50,1593
1559878683599,1588,HTTP Request,200,OK,Thread Group 1-37,text,50,50,1588
1559878683600,1691,HTTP Request,200,OK,Thread Group 1-19,text,50,50,1690
1559878683697,1596,HTTP Request,200,OK,Thread Group 1-6,text,50,50,1596
1559878683702,1684,HTTP Request,200,OK,Thread Group 1-11,text,50,50,1684
1559878683703,1689,HTTP Request,200,OK,Thread Group 1-20,text,50,50,1689
1559878683704,1782,HTTP Request,200,OK,Thread Group 1-22,text,50,50,1782
1559878683898,1588,HTTP Request,200,OK,Thread Group 1-9,text,50,50,1588
1559878683993,1498,HTTP Request,200,OK,Thread Group 1-50,text,50,50,1498
1559878683995,1498,HTTP Request,200,OK,Thread Group 1-15,text,50,50,1498
1559878684097,1490,HTTP Request,200,OK,Thread Group 1-26,text,50,50,1490
1559878684094,1496,HTTP Request,200,OK,Thread Group 1-18,text,50,50,1496
1559878683995,1595,HTTP Request,200,OK,Thread Group 1-24,text,50,50,1595
1559878684295,1399,HTTP Request,200,OK,Thread Group 1-2,text,50,50,1399
1559878684102,1683,HTTP Request,200,OK,Thread Group 1-46,text,50,50,1683
1559878684296,1490,HTTP Request,200,OK,Thread Group 1-21,text,50,50,1490
1559878684395,1397,HTTP Request,200,OK,Thread Group 1-28,text,50,50,1397
1559878684296,1692,HTTP Request,200,OK,Thread Group 1-32,text,50,50,1692
1559878684501,1490,HTTP Request,200,OK,Thread Group 1-27,text,50,50,1490
1559878684396,1689,HTTP Request,200,OK,Thread Group 1-35,text,50,50,1689
1559878684497,1595,HTTP Request,200,OK,Thread Group 1-16,text,50,50,1595
1559878684504,1681,HTTP Request,200,OK,Thread Group 1-29,text,50,50,1681
1559878684595,1593,HTTP Request,200,OK,Thread Group 1-33,text,50,50,1593
1559878684699,1492,HTTP Request,200,OK,Thread Group 1-42,text,50,50,1491
1559878684699,1492,HTTP Request,200,OK,Thread Group 1-7,text,50,50,1492
1559878684699,1593,HTTP Request,200,OK,Thread Group 1-13,text,50,50,1593
1559878684802,1492,HTTP Request,200,OK,Thread Group 1-31,text,50,50,1492
1559878684799,1586,HTTP Request,200,OK,Thread Group 1-44,text,50,50,1586
1559878684894,1492,HTTP Request,200,OK,Thread Group 1-38,text,50,50,1492
1559878684895,1597,HTTP Request,200,OK,Thread Group 1-39,text,50,50,1597
1559878685096,1396,HTTP Request,200,OK,Thread Group 1-5,text,50,50,1396
1559878684998,1589,HTTP Request,200,OK,Thread Group 1-25,text,50,50,1589
1559878685294,1297,HTTP Request,200,OK,Thread Group 1-49,text,50,50,1297
1559878685099,1488,HTTP Request,200,OK,Thread Group 1-34,text,50,50,1488
1559878685295,1492,HTTP Request,200,OK,Thread Group 1-30,text,50,50,1492
1559878685295,1494,HTTP Request,200,OK,Thread Group 1-3,text,50,50,1494
1559878685297,1496,HTTP Request,200,OK,Thread Group 1-47,text,50,50,1496
1559878685393,1402,HTTP Request,200,OK,Thread Group 1-4,text,50,50,1402
1559878685396,1494,HTTP Request,200,OK,Thread Group 1-48,text,50,50,1494
1559878685404,1488,HTTP Request,200,OK,Thread Group 1-1,text,50,50,1488
1559878685597,1392,HTTP Request,200,OK,Thread Group 1-17,text,50,50,1392
1559878685696,1391,HTTP Request,200,OK,Thread Group 1-8,text,50,50,1391
1559878685603,1584,HTTP Request,200,OK,Thread Group 1-40,text,50,50,1584
1559878685700,1492,HTTP Request,200,OK,Thread Group 1-36,text,50,50,1492
1559878685700,1492,HTTP Request,200,OK,Thread Group 1-12,text,50,50,1492
1559878685799,1493,HTTP Request,200,OK,Thread Group 1-23,text,50,50,1493
1559878685801,1492,HTTP Request,200,OK,Thread Group 1-41,text,50,50,1492
1559878685995,1398,HTTP Request,200,OK,Thread Group 1-43,text,50,50,1398
1559878685802,1687,HTTP Request,200,OK,Thread Group 1-14,text,50,50,1687
1559878685997,1496,HTTP Request,200,OK,Thread Group 1-45,text,50,50,1495
1559878685998,1591,HTTP Request,200,OK,Thread Group 1-10,text,50,50,1591
1559878686095,1496,HTTP Request,200,OK,Thread Group 1-37,text,50,50,1495
1559878686201,1485,HTTP Request,200,OK,Thread Group 1-6,text,50,50,1485
1559878686198,1488,HTTP Request,200,OK,Thread Group 1-19,text,50,50,1488
1559878686300,1489,HTTP Request,200,OK,Thread Group 1-20,text,50,50,1489
1559878686394,1397,HTTP Request,200,OK,Thread Group 1-22,text,50,50,1397
1559878686394,1492,HTTP Request,200,OK,Thread Group 1-50,text,50,50,1491
1559878686293,1595,HTTP Request,200,OK,Thread Group 1-11,text,50,50,1595
1559878686395,1591,HTTP Request,200,OK,Thread Group 1-9,text,50,50,1591
1559878686395,1591,HTTP Request,200,OK,Thread Group 1-15,text,50,50,1591
1559878686495,1496,HTTP Request,200,OK,Thread Group 1-26,text,50,50,1496
1559878686602,1488,HTTP Request,200,OK,Thread Group 1-2,text,50,50,1488
1559878686496,1594,HTTP Request,200,OK,Thread Group 1-18,text,50,50,1594
1559878686696,1498,HTTP Request,200,OK,Thread Group 1-46,text,50,50,1498
1559878686694,1593,HTTP Request,200,OK,Thread Group 1-21,text,50,50,1593
1559878686703,1585,HTTP Request,200,OK,Thread Group 1-28,text,50,50,1585
1559878686497,1791,HTTP Request,200,OK,Thread Group 1-24,text,50,50,1791
1559878686896,1492,HTTP Request,200,OK,Thread Group 1-32,text,50,50,1492
1559878686899,1490,HTTP Request,200,OK,Thread Group 1-27,text,50,50,1490
1559878686995,1499,HTTP Request,200,OK,Thread Group 1-16,text,50,50,1499
1559878687093,1401,HTTP Request,200,OK,Thread Group 1-33,text,50,50,1400
1559878687094,1496,HTTP Request,200,OK,Thread Group 1-42,text,50,50,1496
1559878686993,1597,HTTP Request,200,OK,Thread Group 1-35,text,50,50,1597
1559878687094,1497,HTTP Request,200,OK,Thread Group 1-7,text,50,50,1497
1559878687094,1592,HTTP Request,200,OK,Thread Group 1-29,text,50,50,1592
1559878687203,1585,HTTP Request,200,OK,Thread Group 1-31,text,50,50,1585
1559878687201,1685,HTTP Request,200,OK,Thread Group 1-13,text,50,50,1685
1559878687295,1594,HTTP Request,200,OK,Thread Group 1-38,text,50,50,1594
1559878687296,1593,HTTP Request,200,OK,Thread Group 1-44,text,50,50,1593
1559878687401,1590,HTTP Request,200,OK,Thread Group 1-39,text,50,50,1590
1559878687401,1592,HTTP Request,200,OK,Thread Group 1-5,text,50,50,1592
1559878687499,1590,HTTP Request,200,OK,Thread Group 1-49,text,50,50,1590
1559878687500,1592,HTTP Request,200,OK,Thread Group 1-34,text,50,50,1592
1559878687496,1595,HTTP Request,200,OK,Thread Group 1-25,text,50,50,1595
1559878687696,1492,HTTP Request,200,OK,Thread Group 1-30,text,50,50,1492
1559878687697,1495,HTTP Request,200,OK,Thread Group 1-3,text,50,50,1495
1559878687801,1589,HTTP Request,200,OK,Thread Group 1-48,text,50,50,1589
1559878687704,1693,HTTP Request,200,OK,Thread Group 1-4,text,50,50,1693
1559878687701,1697,HTTP Request,200,OK,Thread Group 1-47,text,50,50,1696
1559878687803,1596,HTTP Request,200,OK,Thread Group 1-1,text,50,50,1596
1559878687896,1596,HTTP Request,200,OK,Thread Group 1-17,text,50,50,1596
1559878687995,1592,HTTP Request,200,OK,Thread Group 1-8,text,50,50,1591
1559878688095,1494,HTTP Request,200,OK,Thread Group 1-40,text,50,50,1494
1559878688096,1594,HTTP Request,200,OK,Thread Group 1-12,text,50,50,1594
1559878688096,1694,HTTP Request,200,OK,Thread Group 1-36,text,50,50,1694
1559878688200,1592,HTTP Request,200,OK,Thread Group 1-41,text,50,50,1592
1559878688200,1592,HTTP Request,200,OK,Thread Group 1-23,text,50,50,1592
1559878688398,1496,HTTP Request,200,OK,Thread Group 1-45,text,50,50,1496
1559878688300,1687,HTTP Request,200,OK,Thread Group 1-43,text,50,50,1687
1559878688397,1594,HTTP Request,200,OK,Thread Group 1-14,text,50,50,1594
1559878688498,1493,HTTP Request,200,OK,Thread Group 1-37,text,50,50,1493
1559878688497,1690,HTTP Request,200,OK,Thread Group 1-10,text,50,50,1690
1559878688598,1591,HTTP Request,200,OK,Thread Group 1-6,text,50,50,1591
1559878688698,1494,HTTP Request,200,OK,Thread Group 1-20,text,50,50,1494
1559878688700,1589,HTTP Request,200,OK,Thread Group 1-22,text,50,50,1589
1559878688595,1695,HTTP Request,200,OK,Thread Group 1-19,text,50,50,1695
1559878688797,1593,HTTP Request,200,OK,Thread Group 1-11,text,50,50,1593
1559878688896,1495,HTTP Request,200,OK,Thread Group 1-15,text,50,50,1495
1559878688794,1598,HTTP Request,200,OK,Thread Group 1-50,text,50,50,1598
1559878688903,1684,HTTP Request,200,OK,Thread Group 1-26,text,50,50,1684
1559878688999,1590,HTTP Request,200,OK,Thread Group 1-2,text,50,50,1590
1559878688900,1691,HTTP Request,200,OK,Thread Group 1-9,text,50,50,1691
1559878689101,1496,HTTP Request,200,OK,Thread Group 1-46,text,50,50,1496
1559878688999,1686,HTTP Request,200,OK,Thread Group 1-18,text,50,50,1686
1559878689198,1490,HTTP Request,200,OK,Thread Group 1-21,text,50,50,1490
1559878689199,1592,HTTP Request,200,OK,Thread Group 1-24,text,50,50,1592
1559878689199,1592,HTTP Request,200,OK,Thread Group 1-28,text,50,50,1592
1559878689291,1600,HTTP Request,200,OK,Thread Group 1-27,text,50,50,1600
1559878689292,1695,HTTP Request,200,OK,Thread Group 1-32,text,50,50,1695
1559878689404,1588,HTTP Request,200,OK,Thread Group 1-16,text,50,50,1587
1559878689501,1493,HTTP Request,200,OK,Thread Group 1-42,text,50,50,1493
1559878689502,1687,HTTP Request,200,OK,Thread Group 1-7,text,50,50,1687
1559878689501,1689,HTTP Request,200,OK,Thread Group 1-35,text,50,50,1688
1559878689404,1789,HTTP Request,200,OK,Thread Group 1-33,text,50,50,1789
1559878689593,1600,HTTP Request,200,OK,Thread Group 1-29,text,50,50,1600
1559878689798,1495,HTTP Request,200,OK,Thread Group 1-38,text,50,50,1495
1559878689695,1599,HTTP Request,200,OK,Thread Group 1-31,text,50,50,1599
1559878689798,1588,HTTP Request,200,OK,Thread Group 1-44,text,50,50,1587
1559878689799,1595,HTTP Request,200,OK,Thread Group 1-13,text,50,50,1595
1559878689900,1590,HTTP Request,200,OK,Thread Group 1-5,text,50,50,1590
1559878689899,1591,HTTP Request,200,OK,Thread Group 1-39,text,50,50,1591
1559878689999,1590,HTTP Request,200,OK,Thread Group 1-49,text,50,50,1590
1559878690002,1783,HTTP Request,200,OK,Thread Group 1-34,text,50,50,1783
1559878690097,1690,HTTP Request,200,OK,Thread Group 1-30,text,50,50,1690
1559878690003,1784,HTTP Request,200,OK,Thread Group 1-25,text,50,50,1784
1559878690297,1493,HTTP Request,200,OK,Thread Group 1-48,text,50,50,1493
1559878690099,1691,HTTP Request,200,OK,Thread Group 1-3,text,50,50,1691
1559878690308,1579,HTTP Request,200,OK,Thread Group 1-47,text,50,50,1579
1559878690308,1586,HTTP Request,200,OK,Thread Group 1-4,text,50,50,1586
1559878690309,1676,HTTP Request,200,OK,Thread Group 1-1,text,50,50,1676
1559878690496,1596,HTTP Request,200,OK,Thread Group 1-8,text,50,50,1596
1559878690598,1590,HTTP Request,200,OK,Thread Group 1-12,text,50,50,1590
1559878690698,1491,HTTP Request,200,OK,Thread Group 1-36,text,50,50,1491
1559878690498,1692,HTTP Request,200,OK,Thread Group 1-40,text,50,50,1692
1559878690399,1888,HTTP Request,200,OK,Thread Group 1-17,text,50,50,1888
1559878690702,1589,HTTP Request,200,OK,Thread Group 1-41,text,50,50,1589
1559878690801,1490,HTTP Request,200,OK,Thread Group 1-45,text,50,50,1490
1559878690703,1588,HTTP Request,200,OK,Thread Group 1-23,text,50,50,1588
1559878690898,1491,HTTP Request,200,OK,Thread Group 1-43,text,50,50,1491
1559878690901,1489,HTTP Request,200,OK,Thread Group 1-14,text,50,50,1489
1559878691100,1291,HTTP Request,200,OK,Thread Group 1-6,text,50,50,1291
1559878690901,1490,HTTP Request,200,OK,Thread Group 1-37,text,50,50,1490
1559878691095,1494,HTTP Request,200,OK,Thread Group 1-10,text,50,50,1493
1559878691197,1394,HTTP Request,200,OK,Thread Group 1-22,text,50,50,1394
1559878691100,1494,HTTP Request,200,OK,Thread Group 1-20,text,50,50,1494
1559878691303,1386,HTTP Request,200,OK,Thread Group 1-15,text,50,50,1386
1559878691298,1391,HTTP Request,200,OK,Thread Group 1-11,text,50,50,1391
1559878691198,1588,HTTP Request,200,OK,Thread Group 1-19,text,50,50,1587
1559878691303,1490,HTTP Request,200,OK,Thread Group 1-50,text,50,50,1490
1559878691501,1389,HTTP Request,200,OK,Thread Group 1-26,text,50,50,1389
1559878691503,1390,HTTP Request,200,OK,Thread Group 1-2,text,50,50,1389
1559878691503,1585,HTTP Request,200,OK,Thread Group 1-9,text,50,50,1585
1559878691506,1582,HTTP Request,200,OK,Thread Group 1-46,text,50,50,1582
1559878691597,1495,HTTP Request,200,OK,Thread Group 1-21,text,50,50,1495
1559878691594,1500,HTTP Request,200,OK,Thread Group 1-18,text,50,50,1499
1559878691701,1485,HTTP Request,200,OK,Thread Group 1-24,text,50,50,1485
1559878691896,1295,HTTP Request,200,OK,Thread Group 1-32,text,50,50,1294
1559878691701,1490,HTTP Request,200,OK,Thread Group 1-28,text,50,50,1489
1559878691799,1491,HTTP Request,200,OK,Thread Group 1-27,text,50,50,1490
1559878691901,1590,HTTP Request,200,OK,Thread Group 1-16,text,50,50,1590
1559878692098,1393,HTTP Request,200,OK,Thread Group 1-35,text,50,50,1393
1559878691902,1590,HTTP Request,200,OK,Thread Group 1-42,text,50,50,1589
1559878692103,1393,HTTP Request,200,OK,Thread Group 1-7,text,50,50,1393
1559878692108,1482,HTTP Request,200,OK,Thread Group 1-29,text,50,50,1482
1559878692201,1391,HTTP Request,200,OK,Thread Group 1-38,text,50,50,1391
1559878692108,1577,HTTP Request,200,OK,Thread Group 1-33,text,50,50,1577
1559878692202,1489,HTTP Request,200,OK,Thread Group 1-31,text,50,50,1489
1559878692294,1397,HTTP Request,200,OK,Thread Group 1-44,text,50,50,1397
1559878692400,1391,HTTP Request,200,OK,Thread Group 1-39,text,50,50,1391
1559878692400,1395,HTTP Request,200,OK,Thread Group 1-5,text,50,50,1395
1559878692301,1584,HTTP Request,200,OK,Thread Group 1-13,text,50,50,1584
1559878692497,1491,HTTP Request,200,OK,Thread Group 1-49,text,50,50,1490
1559878692702,1288,HTTP Request,200,OK,Thread Group 1-30,text,50,50,1288
1559878692702,1385,HTTP Request,200,OK,Thread Group 1-25,text,50,50,1385
1559878692703,1388,HTTP Request,200,OK,Thread Group 1-34,text,50,50,1388
1559878692703,1392,HTTP Request,200,OK,Thread Group 1-3,text,50,50,1392
1559878692796,1491,HTTP Request,200,OK,Thread Group 1-47,text,50,50,1491
1559878692704,1583,HTTP Request,200,OK,Thread Group 1-48,text,50,50,1583
1559878692802,1489,HTTP Request,200,OK,Thread Group 1-4,text,50,50,1489
1559878692894,1493,HTTP Request,200,OK,Thread Group 1-1,text,50,50,1493
1559878692999,1493,HTTP Request,200,OK,Thread Group 1-8,text,50,50,1493
1559878693099,1395,HTTP Request,200,OK,Thread Group 1-12,text,50,50,1395
1559878693100,1486,HTTP Request,200,OK,Thread Group 1-40,text,50,50,1486
1559878693191,1494,HTTP Request,200,OK,Thread Group 1-17,text,50,50,1494
1559878693100,1591,HTTP Request,200,OK,Thread Group 1-36,text,50,50,1591
1559878693194,1497,HTTP Request,200,OK,Thread Group 1-45,text,50,50,1497
1559878693195,1498,HTTP Request,200,OK,Thread Group 1-23,text,50,50,1498
1559878693293,1499,HTTP Request,200,OK,Thread Group 1-14,text,50,50,1499
1559878693196,1696,HTTP Request,200,OK,Thread Group 1-41,text,50,50,1696
1559878693294,1599,HTTP Request,200,OK,Thread Group 1-37,text,50,50,1599
1559878693294,1599,HTTP Request,200,OK,Thread Group 1-43,text,50,50,1599
1559878693294,1692,HTTP Request,200,OK,Thread Group 1-6,text,50,50,1692
1559878693500,1490,HTTP Request,200,OK,Thread Group 1-22,text,50,50,1490
1559878693503,1586,HTTP Request,200,OK,Thread Group 1-20,text,50,50,1586
1559878693501,1591,HTTP Request,200,OK,Thread Group 1-10,text,50,50,1591
1559878693599,1589,HTTP Request,200,OK,Thread Group 1-15,text,50,50,1589
1559878693694,1496,HTTP Request,200,OK,Thread Group 1-19,text,50,50,1496
1559878693599,1687,HTTP Request,200,OK,Thread Group 1-11,text,50,50,1687
1559878693798,1498,HTTP Request,200,OK,Thread Group 1-26,text,50,50,1498
1559878694000,1393,HTTP Request,200,OK,Thread Group 1-9,text,50,50,1392
1559878693800,1686,HTTP Request,200,OK,Thread Group 1-2,text,50,50,1686
1559878694003,1484,HTTP Request,200,OK,Thread Group 1-46,text,50,50,1484
1559878693701,1785,HTTP Request,200,OK,Thread Group 1-50,text,50,50,1785
1559878694004,1587,HTTP Request,200,OK,Thread Group 1-21,text,50,50,1587
1559878694094,1591,HTTP Request,200,OK,Thread Group 1-24,text,50,50,1591
1559878694006,1683,HTTP Request,200,OK,Thread Group 1-18,text,50,50,1682
1559878694099,1687,HTTP Request,200,OK,Thread Group 1-32,text,50,50,1686
1559878694100,1688,HTTP Request,200,OK,Thread Group 1-28,text,50,50,1688
1559878694402,1490,HTTP Request,200,OK,Thread Group 1-35,text,50,50,1490
1559878694198,1790,HTTP Request,200,OK,Thread Group 1-27,text,50,50,1790
1559878694402,1587,HTTP Request,200,OK,Thread Group 1-16,text,50,50,1587
1559878694401,1587,HTTP Request,200,OK,Thread Group 1-7,text,50,50,1587
1559878694402,1589,HTTP Request,200,OK,Thread Group 1-42,text,50,50,1589
1559878694500,1589,HTTP Request,200,OK,Thread Group 1-38,text,50,50,1589
1559878694499,1693,HTTP Request,200,OK,Thread Group 1-29,text,50,50,1693
1559878694600,1594,HTTP Request,200,OK,Thread Group 1-31,text,50,50,1594
1559878694594,1603,HTTP Request,200,OK,Thread Group 1-33,text,50,50,1603
1559878694601,1689,HTTP Request,200,OK,Thread Group 1-44,text,50,50,1689
1559878694701,1786,HTTP Request,200,OK,Thread Group 1-39,text,50,50,1786
1559878694793,1696,HTTP Request,200,OK,Thread Group 1-13,text,50,50,1696
1559878694997,1495,HTTP Request,200,OK,Thread Group 1-25,text,50,50,1495
1559878694704,1788,HTTP Request,200,OK,Thread Group 1-5,text,50,50,1788
1559878694899,1594,HTTP Request,200,OK,Thread Group 1-30,text,50,50,1594
1559878694897,1598,HTTP Request,200,OK,Thread Group 1-49,text,50,50,1598
1559878695001,1495,HTTP Request,200,OK,Thread Group 1-34,text,50,50,1495
1559878695004,1589,HTTP Request,200,OK,Thread Group 1-3,text,50,50,1588
1559878695295,1395,HTTP Request,200,OK,Thread Group 1-1,text,50,50,1395
1559878695198,1588,HTTP Request,200,OK,Thread Group 1-47,text,50,50,1588
1559878695201,1586,HTTP Request,200,OK,Thread Group 1-4,text,50,50,1586
1559878695199,1590,HTTP Request,200,OK,Thread Group 1-48,text,50,50,1590
1559878695401,1488,HTTP Request,200,OK,Thread Group 1-8,text,50,50,1488
1559878695402,1492,HTTP Request,200,OK,Thread Group 1-12,text,50,50,1492
1559878695494,1401,HTTP Request,200,OK,Thread Group 1-40,text,50,50,1401
1559878695592,1498,HTTP Request,200,OK,Thread Group 1-17,text,50,50,1498
1559878695594,1496,HTTP Request,200,OK,Thread Group 1-36,text,50,50,1496
1559878695594,1593,HTTP Request,200,OK,Thread Group 1-45,text,50,50,1593
1559878695700,1488,HTTP Request,200,OK,Thread Group 1-14,text,50,50,1487
1559878695596,1592,HTTP Request,200,OK,Thread Group 1-23,text,50,50,1592
1559878695798,1394,HTTP Request,200,OK,Thread Group 1-41,text,50,50,1394
1559878695798,1397,HTTP Request,200,OK,Thread Group 1-43,text,50,50,1397
1559878695897,1493,HTTP Request,200,OK,Thread Group 1-22,text,50,50,1493
1559878695894,1496,HTTP Request,200,OK,Thread Group 1-6,text,50,50,1496
1559878695999,1394,HTTP Request,200,OK,Thread Group 1-20,text,50,50,1394
1559878695798,1595,HTTP Request,200,OK,Thread Group 1-37,text,50,50,1595
1559878696097,1390,HTTP Request,200,OK,Thread Group 1-15,text,50,50,1390
1559878696001,1489,HTTP Request,200,OK,Thread Group 1-10,text,50,50,1489
1559878696098,1494,HTTP Request,200,OK,Thread Group 1-19,text,50,50,1494
1559878696194,1399,HTTP Request,200,OK,Thread Group 1-11,text,50,50,1398
1559878696300,1393,HTTP Request,200,OK,Thread Group 1-9,text,50,50,1393
1559878696203,1582,HTTP Request,200,OK,Thread Group 1-26,text,50,50,1582
1559878696398,1389,HTTP Request,200,OK,Thread Group 1-2,text,50,50,1389
1559878696398,1389,HTTP Request,200,OK,Thread Group 1-46,text,50,50,1389
1559878696400,1389,HTTP Request,200,OK,Thread Group 1-50,text,50,50,1388
1559878696499,1292,HTTP Request,200,OK,Thread Group 1-21,text,50,50,1292
1559878696598,1196,HTTP Request,200,OK,Thread Group 1-18,text,50,50,1196
1559878696595,1297,HTTP Request,200,OK,Thread Group 1-24,text,50,50,1297
1559878696697,1294,HTTP Request,200,OK,Thread Group 1-28,text,50,50,1294
1559878696799,1195,HTTP Request,200,OK,Thread Group 1-35,text,50,50,1195
1559878696900,1094,HTTP Request,200,OK,Thread Group 1-27,text,50,50,1094
1559878696905,1092,HTTP Request,200,OK,Thread Group 1-16,text,50,50,1092
1559878696695,1392,HTTP Request,200,OK,Thread Group 1-32,text,50,50,1392
1559878696906,1185,HTTP Request,200,OK,Thread Group 1-7,text,50,50,1185
1559878696906,1283,HTTP Request,200,OK,Thread Group 1-42,text,50,50,1283
1559878696997,1194,HTTP Request,200,OK,Thread Group 1-38,text,50,50,1193
1559878697102,1186,HTTP Request,200,OK,Thread Group 1-29,text,50,50,1186
1559878697103,1187,HTTP Request,200,OK,Thread Group 1-31,text,50,50,1187
1559878697106,1284,HTTP Request,200,OK,Thread Group 1-33,text,50,50,1284
1559878697198,1287,HTTP Request,200,OK,Thread Group 1-44,text,50,50,1287
1559878697394,1096,HTTP Request,200,OK,Thread Group 1-13,text,50,50,1096
1559878697398,1094,HTTP Request,200,OK,Thread Group 1-49,text,50,50,1094
1559878697398,1194,HTTP Request,200,OK,Thread Group 1-39,text,50,50,1194
1559878697399,1293,HTTP Request,200,OK,Thread Group 1-5,text,50,50,1293
1559878697400,1392,HTTP Request,200,OK,Thread Group 1-25,text,50,50,1392
1559878697400,1487,HTTP Request,200,OK,Thread Group 1-34,text,50,50,1487
1559878697500,1389,HTTP Request,200,OK,Thread Group 1-3,text,50,50,1389
1559878697598,1292,HTTP Request,200,OK,Thread Group 1-1,text,50,50,1292
1559878697400,1585,HTTP Request,200,OK,Thread Group 1-30,text,50,50,1585
1559878697693,1296,HTTP Request,200,OK,Thread Group 1-4,text,50,50,1296
1559878697692,1298,HTTP Request,200,OK,Thread Group 1-47,text,50,50,1298
1559878697797,1195,HTTP Request,200,OK,Thread Group 1-8,text,50,50,1195
1559878697694,1299,HTTP Request,200,OK,Thread Group 1-48,text,50,50,1299
1559878697807,1280,HTTP Request,200,OK,Thread Group 1-40,text,50,50,1280
1559878697806,1282,HTTP Request,200,OK,Thread Group 1-12,text,50,50,1282
1559878698000,1186,HTTP Request,200,OK,Thread Group 1-17,text,50,50,1185
1559878698000,1193,HTTP Request,200,OK,Thread Group 1-36,text,50,50,1193
1559878698095,1196,HTTP Request,200,OK,Thread Group 1-41,text,50,50,1196
1559878698096,1195,HTTP Request,200,OK,Thread Group 1-23,text,50,50,1195
1559878698097,1293,HTTP Request,200,OK,Thread Group 1-14,text,50,50,1293
1559878698096,1294,HTTP Request,200,OK,Thread Group 1-45,text,50,50,1294
1559878698098,1388,HTTP Request,200,OK,Thread Group 1-43,text,50,50,1388
1559878698302,1192,HTTP Request,200,OK,Thread Group 1-6,text,50,50,1191
1559878698302,1288,HTTP Request,200,OK,Thread Group 1-22,text,50,50,1288
1559878698307,1379,HTTP Request,200,OK,Thread Group 1-20,text,50,50,1379
1559878698305,1382,HTTP Request,200,OK,Thread Group 1-37,text,50,50,1382
1559878698396,1297,HTTP Request,200,OK,Thread Group 1-15,text,50,50,1297
1559878698398,1295,HTTP Request,200,OK,Thread Group 1-10,text,50,50,1295
1559878698502,1285,HTTP Request,200,OK,Thread Group 1-11,text,50,50,1285
1559878698601,1189,HTTP Request,200,OK,Thread Group 1-9,text,50,50,1188
1559878698502,1288,HTTP Request,200,OK,Thread Group 1-19,text,50,50,1288
1559878698690,1101,HTTP Request,200,OK,Thread Group 1-2,text,50,50,1101
1559878698694,1098,HTTP Request,200,OK,Thread Group 1-46,text,50,50,1098
1559878698691,1102,HTTP Request,200,OK,Thread Group 1-26,text,50,50,1102
1559878698696,1194,HTTP Request,200,OK,Thread Group 1-21,text,50,50,1194
1559878698697,1196,HTTP Request,200,OK,Thread Group 1-50,text,50,50,1195
1559878698800,1191,HTTP Request,200,OK,Thread Group 1-24,text,50,50,1190
1559878698697,1391,HTTP Request,200,OK,Thread Group 1-18,text,50,50,1391
1559878698898,1194,HTTP Request,200,OK,Thread Group 1-28,text,50,50,1194
1559878698899,1195,HTTP Request,200,OK,Thread Group 1-27,text,50,50,1195
1559878698899,1392,HTTP Request,200,OK,Thread Group 1-35,text,50,50,1392
1559878698995,1299,HTTP Request,200,OK,Thread Group 1-32,text,50,50,1299
1559878698900,1486,HTTP Request,200,OK,Thread Group 1-16,text,50,50,1486
1559878699099,1292,HTTP Request,200,OK,Thread Group 1-38,text,50,50,1292
1559878699098,1293,HTTP Request,200,OK,Thread Group 1-42,text,50,50,1293
1559878698996,1490,HTTP Request,200,OK,Thread Group 1-7,text,50,50,1490
1559878699196,1296,HTTP Request,200,OK,Thread Group 1-29,text,50,50,1296
1559878699198,1391,HTTP Request,200,OK,Thread Group 1-31,text,50,50,1391
1559878699398,1195,HTTP Request,200,OK,Thread Group 1-44,text,50,50,1195
1559878699298,1295,HTTP Request,200,OK,Thread Group 1-33,text,50,50,1295
1559878699400,1291,HTTP Request,200,OK,Thread Group 1-13,text,50,50,1290
1559878699402,1389,HTTP Request,200,OK,Thread Group 1-49,text,50,50,1389
1559878699500,1291,HTTP Request,200,OK,Thread Group 1-39,text,50,50,1291
1559878699600,1391,HTTP Request,200,OK,Thread Group 1-5,text,50,50,1391
1559878699700,1292,HTTP Request,200,OK,Thread Group 1-25,text,50,50,1292
1559878699796,1196,HTTP Request,200,OK,Thread Group 1-1,text,50,50,1196
1559878699794,1291,HTTP Request,200,OK,Thread Group 1-34,text,50,50,1291
1559878699796,1293,HTTP Request,200,OK,Thread Group 1-3,text,50,50,1293
1559878699891,1199,HTTP Request,200,OK,Thread Group 1-30,text,50,50,1199
1559878699895,1392,HTTP Request,200,OK,Thread Group 1-4,text,50,50,1392
1559878699897,1391,HTTP Request,200,OK,Thread Group 1-48,text,50,50,1391
1559878699896,1394,HTTP Request,200,OK,Thread Group 1-47,text,50,50,1394
1559878699897,1491,HTTP Request,200,OK,Thread Group 1-8,text,50,50,1491
1559878699998,1395,HTTP Request,200,OK,Thread Group 1-12,text,50,50,1395
1559878699999,1491,HTTP Request,200,OK,Thread Group 1-40,text,50,50,1491
1559878700093,1398,HTTP Request,200,OK,Thread Group 1-17,text,50,50,1398
1559878700095,1496,HTTP Request,200,OK,Thread Group 1-36,text,50,50,1496
1559878700203,1388,HTTP Request,200,OK,Thread Group 1-23,text,50,50,1388
1559878700201,1493,HTTP Request,200,OK,Thread Group 1-41,text,50,50,1493
1559878700300,1494,HTTP Request,200,OK,Thread Group 1-14,text,50,50,1493
1559878700401,1393,HTTP Request,200,OK,Thread Group 1-6,text,50,50,1393
1559878700300,1494,HTTP Request,200,OK,Thread Group 1-45,text,50,50,1494
1559878700395,1496,HTTP Request,200,OK,Thread Group 1-43,text,50,50,1496
1559878700594,1297,HTTP Request,200,OK,Thread Group 1-20,text,50,50,1297
1559878700596,1389,HTTP Request,200,OK,Thread Group 1-15,text,50,50,1389
1559878700498,1490,HTTP Request,200,OK,Thread Group 1-22,text,50,50,1489
1559878700597,1396,HTTP Request,200,OK,Thread Group 1-10,text,50,50,1396
1559878700690,1399,HTTP Request,200,OK,Thread Group 1-11,text,50,50,1399
1559878700596,1593,HTTP Request,200,OK,Thread Group 1-37,text,50,50,1593
1559878700695,1591,HTTP Request,200,OK,Thread Group 1-19,text,50,50,1591
1559878700696,1592,HTTP Request,200,OK,Thread Group 1-2,text,50,50,1592
1559878700695,1690,HTTP Request,200,OK,Thread Group 1-9,text,50,50,1690
1559878700697,1694,HTTP Request,200,OK,Thread Group 1-26,text,50,50,1694
1559878700804,1591,HTTP Request,200,OK,Thread Group 1-21,text,50,50,1591
1559878700697,1788,HTTP Request,200,OK,Thread Group 1-46,text,50,50,1788
1559878700801,1687,HTTP Request,200,OK,Thread Group 1-50,text,50,50,1687
1559878701007,1586,HTTP Request,200,OK,Thread Group 1-27,text,50,50,1586
1559878700996,1689,HTTP Request,200,OK,Thread Group 1-18,text,50,50,1689
1559878701002,1684,HTTP Request,200,OK,Thread Group 1-28,text,50,50,1684
1559878700899,1787,HTTP Request,200,OK,Thread Group 1-24,text,50,50,1787
1559878701202,1491,HTTP Request,200,OK,Thread Group 1-32,text,50,50,1491
1559878701204,1587,HTTP Request,200,OK,Thread Group 1-35,text,50,50,1587
1559878701301,1587,HTTP Request,200,OK,Thread Group 1-42,text,50,50,1587
1559878701295,1593,HTTP Request,200,OK,Thread Group 1-16,text,50,50,1593
1559878701301,1588,HTTP Request,200,OK,Thread Group 1-38,text,50,50,1588
1559878701395,1500,HTTP Request,200,OK,Thread Group 1-7,text,50,50,1499
1559878701400,1590,HTTP Request,200,OK,Thread Group 1-29,text,50,50,1590
1559878701498,1591,HTTP Request,200,OK,Thread Group 1-31,text,50,50,1591
1559878701503,1684,HTTP Request,200,OK,Thread Group 1-44,text,50,50,1684
1559878701701,1491,HTTP Request,200,OK,Thread Group 1-39,text,50,50,1491
1559878701508,1781,HTTP Request,200,OK,Thread Group 1-33,text,50,50,1781
1559878701701,1684,HTTP Request,200,OK,Thread Group 1-49,text,50,50,1684
1559878701599,1788,HTTP Request,200,OK,Thread Group 1-13,text,50,50,1788
1559878701903,1488,HTTP Request,200,OK,Thread Group 1-5,text,50,50,1488
1559878701903,1490,HTTP Request,200,OK,Thread Group 1-1,text,50,50,1490
1559878701904,1587,HTTP Request,200,OK,Thread Group 1-25,text,50,50,1586
1559878701997,1496,HTTP Request,200,OK,Thread Group 1-34,text,50,50,1496
1559878702001,1586,HTTP Request,200,OK,Thread Group 1-3,text,50,50,1586
1559878702001,1589,HTTP Request,200,OK,Thread Group 1-30,text,50,50,1588
1559878702194,1397,HTTP Request,200,OK,Thread Group 1-4,text,50,50,1396
1559878702195,1397,HTTP Request,200,OK,Thread Group 1-48,text,50,50,1397
1559878702296,1398,HTTP Request,200,OK,Thread Group 1-8,text,50,50,1398
1559878702297,1493,HTTP Request,200,OK,Thread Group 1-12,text,50,50,1493
1559878702195,1595,HTTP Request,200,OK,Thread Group 1-47,text,50,50,1595
1559878702400,1485,HTTP Request,200,OK,Thread Group 1-40,text,50,50,1485
1559878702400,1495,HTTP Request,200,OK,Thread Group 1-17,text,50,50,1495
1559878702501,1395,HTTP Request,200,OK,Thread Group 1-36,text,50,50,1395
1559878702501,1485,HTTP Request,200,OK,Thread Group 1-23,text,50,50,1484
1559878702602,1385,HTTP Request,200,OK,Thread Group 1-41,text,50,50,1385
1559878702698,1389,HTTP Request,200,OK,Thread Group 1-45,text,50,50,1389
1559878702697,1390,HTTP Request,200,OK,Thread Group 1-14,text,50,50,1390
1559878702802,1287,HTTP Request,200,OK,Thread Group 1-20,text,50,50,1286
1559878702697,1494,HTTP Request,200,OK,Thread Group 1-6,text,50,50,1493
1559878702899,1390,HTTP Request,200,OK,Thread Group 1-22,text,50,50,1390
1559878702897,1397,HTTP Request,200,OK,Thread Group 1-15,text,50,50,1396
1559878702902,1487,HTTP Request,200,OK,Thread Group 1-10,text,50,50,1487
1559878702802,1588,HTTP Request,200,OK,Thread Group 1-43,text,50,50,1588
1559878702998,1392,HTTP Request,200,OK,Thread Group 1-11,text,50,50,1392
1559878703098,1391,HTTP Request,200,OK,Thread Group 1-37,text,50,50,1391
1559878703194,1392,HTTP Request,200,OK,Thread Group 1-2,text,50,50,1391
1559878703193,1494,HTTP Request,200,OK,Thread Group 1-19,text,50,50,1494
1559878703293,1394,HTTP Request,200,OK,Thread Group 1-9,text,50,50,1394
1559878703297,1394,HTTP Request,200,OK,Thread Group 1-21,text,50,50,1394
1559878703295,1397,HTTP Request,200,OK,Thread Group 1-26,text,50,50,1397
1559878703394,1395,HTTP Request,200,OK,Thread Group 1-46,text,50,50,1395
1559878703396,1490,HTTP Request,200,OK,Thread Group 1-50,text,50,50,1489
1559878703597,1291,HTTP Request,200,OK,Thread Group 1-28,text,50,50,1291
1559878703501,1389,HTTP Request,200,OK,Thread Group 1-27,text,50,50,1389
1559878703603,1290,HTTP Request,200,OK,Thread Group 1-18,text,50,50,1290
1559878703606,1385,HTTP Request,200,OK,Thread Group 1-32,text,50,50,1385
1559878703604,1388,HTTP Request,200,OK,Thread Group 1-24,text,50,50,1388
1559878703699,1388,HTTP Request,200,OK,Thread Group 1-35,text,50,50,1388
1559878703807,1382,HTTP Request,200,OK,Thread Group 1-7,text,50,50,1382
1559878703798,1490,HTTP Request,200,OK,Thread Group 1-42,text,50,50,1490
1559878703807,1483,HTTP Request,200,OK,Thread Group 1-38,text,50,50,1483
1559878703806,1579,HTTP Request,200,OK,Thread Group 1-16,text,50,50,1579
1559878703997,1395,HTTP Request,200,OK,Thread Group 1-31,text,50,50,1395
1559878703898,1497,HTTP Request,200,OK,Thread Group 1-29,text,50,50,1497
1559878704197,1290,HTTP Request,200,OK,Thread Group 1-33,text,50,50,1290
1559878704100,1389,HTTP Request,200,OK,Thread Group 1-39,text,50,50,1389
1559878704096,1393,HTTP Request,200,OK,Thread Group 1-44,text,50,50,1393
1559878704293,1203,HTTP Request,200,OK,Thread Group 1-49,text,50,50,1203
1559878704293,1203,HTTP Request,200,OK,Thread Group 1-13,text,50,50,1202
1559878704294,1296,HTTP Request,200,OK,Thread Group 1-5,text,50,50,1296
1559878704295,1296,HTTP Request,200,OK,Thread Group 1-1,text,50,50,1296
1559878704401,1291,HTTP Request,200,OK,Thread Group 1-34,text,50,50,1291
1559878704400,1292,HTTP Request,200,OK,Thread Group 1-25,text,50,50,1292
1559878704495,1295,HTTP Request,200,OK,Thread Group 1-3,text,50,50,1295
1559878704495,1295,HTTP Request,200,OK,Thread Group 1-4,text,50,50,1295
1559878704496,1395,HTTP Request,200,OK,Thread Group 1-48,text,50,50,1395
1559878704496,1397,HTTP Request,200,OK,Thread Group 1-30,text,50,50,1397
1559878704602,1387,HTTP Request,200,OK,Thread Group 1-8,text,50,50,1387
1559878704697,1490,HTTP Request,200,OK,Thread Group 1-47,text,50,50,1490
1559878704696,1491,HTTP Request,200,OK,Thread Group 1-12,text,50,50,1491
1559878704793,1497,HTTP Request,200,OK,Thread Group 1-40,text,50,50,1497
1559878704799,1587,HTTP Request,200,OK,Thread Group 1-36,text,50,50,1587
1559878704896,1490,HTTP Request,200,OK,Thread Group 1-23,text,50,50,1490
1559878704799,1590,HTTP Request,200,OK,Thread Group 1-17,text,50,50,1590
1559878705000,1391,HTTP Request,200,OK,Thread Group 1-45,text,50,50,1391
1559878705001,1390,HTTP Request,200,OK,Thread Group 1-14,text,50,50,1390
1559878704896,1495,HTTP Request,200,OK,Thread Group 1-41,text,50,50,1495
1559878705001,1486,HTTP Request,200,OK,Thread Group 1-20,text,50,50,1486
1559878705099,1393,HTTP Request,200,OK,Thread Group 1-6,text,50,50,1393
1559878705202,1388,HTTP Request,200,OK,Thread Group 1-15,text,50,50,1388
1559878705198,1392,HTTP Request,200,OK,Thread Group 1-22,text,50,50,1392
1559878705300,1387,HTTP Request,200,OK,Thread Group 1-10,text,50,50,1387
1559878705303,1388,HTTP Request,200,OK,Thread Group 1-11,text,50,50,1388
1559878705301,1484,HTTP Request,200,OK,Thread Group 1-43,text,50,50,1484
1559878705397,1394,HTTP Request,200,OK,Thread Group 1-37,text,50,50,1393
1559878705495,1298,HTTP Request,200,OK,Thread Group 1-2,text,50,50,1298
1559878705593,1393,HTTP Request,200,OK,Thread Group 1-19,text,50,50,1392
1559878705595,1391,HTTP Request,200,OK,Thread Group 1-9,text,50,50,1391
1559878705596,1394,HTTP Request,200,OK,Thread Group 1-26,text,50,50,1394
1559878705596,1396,HTTP Request,200,OK,Thread Group 1-21,text,50,50,1396
1559878705698,1295,HTTP Request,200,OK,Thread Group 1-46,text,50,50,1295
1559878705804,1192,HTTP Request,200,OK,Thread Group 1-27,text,50,50,1192
1559878705805,1282,HTTP Request,200,OK,Thread Group 1-28,text,50,50,1282
1559878705804,1381,HTTP Request,200,OK,Thread Group 1-18,text,50,50,1381
1559878705806,1384,HTTP Request,200,OK,Thread Group 1-50,text,50,50,1384
1559878705901,1291,HTTP Request,200,OK,Thread Group 1-24,text,50,50,1291
1559878705900,1293,HTTP Request,200,OK,Thread Group 1-32,text,50,50,1293
1559878705996,1389,HTTP Request,200,OK,Thread Group 1-35,text,50,50,1389
1559878706198,1188,HTTP Request,200,OK,Thread Group 1-42,text,50,50,1187
1559878706097,1296,HTTP Request,200,OK,Thread Group 1-7,text,50,50,1296
1559878706198,1296,HTTP Request,200,OK,Thread Group 1-38,text,50,50,1296
1559878706294,1294,HTTP Request,200,OK,Thread Group 1-16,text,50,50,1294
1559878706298,1290,HTTP Request,200,OK,Thread Group 1-29,text,50,50,1290
1559878706392,1200,HTTP Request,200,OK,Thread Group 1-33,text,50,50,1200
1559878706295,1296,HTTP Request,200,OK,Thread Group 1-31,text,50,50,1296
1559878706402,1386,HTTP Request,200,OK,Thread Group 1-44,text,50,50,1386
1559878706396,1394,HTTP Request,200,OK,Thread Group 1-39,text,50,50,1393
1559878706405,1387,HTTP Request,200,OK,Thread Group 1-49,text,50,50,1386
1559878706405,1480,HTTP Request,200,OK,Thread Group 1-13,text,50,50,1480
1559878706501,1390,HTTP Request,200,OK,Thread Group 1-5,text,50,50,1390
1559878706501,1488,HTTP Request,200,OK,Thread Group 1-1,text,50,50,1488
1559878706603,1388,HTTP Request,200,OK,Thread Group 1-34,text,50,50,1388
1559878706603,1485,HTTP Request,200,OK,Thread Group 1-25,text,50,50,1485
1559878706700,1391,HTTP Request,200,OK,Thread Group 1-3,text,50,50,1391
1559878706708,1384,HTTP Request,200,OK,Thread Group 1-4,text,50,50,1384
1559878706801,1387,HTTP Request,200,OK,Thread Group 1-48,text,50,50,1387
1559878706803,1485,HTTP Request,200,OK,Thread Group 1-30,text,50,50,1485
1559878706897,1392,HTTP Request,200,OK,Thread Group 1-8,text,50,50,1392
1559878707098,1293,HTTP Request,200,OK,Thread Group 1-12,text,50,50,1293
1559878707199,1194,HTTP Request,200,OK,Thread Group 1-40,text,50,50,1194
1559878707296,1200,HTTP Request,200,OK,Thread Group 1-14,text,50,50,1200
1559878707297,1290,HTTP Request,200,OK,Thread Group 1-23,text,50,50,1290
1559878707294,1295,HTTP Request,200,OK,Thread Group 1-45,text,50,50,1295
1559878707099,1490,HTTP Request,200,OK,Thread Group 1-47,text,50,50,1490
1559878707297,1388,HTTP Request,200,OK,Thread Group 1-17,text,50,50,1388
1559878707298,1389,HTTP Request,200,OK,Thread Group 1-36,text,50,50,1389
1559878707298,1495,HTTP Request,200,OK,Thread Group 1-41,text,50,50,1495
1559878707395,1398,HTTP Request,200,OK,Thread Group 1-20,text,50,50,1398
1559878707501,1390,HTTP Request,200,OK,Thread Group 1-22,text,50,50,1390
1559878707401,1491,HTTP Request,200,OK,Thread Group 1-6,text,50,50,1491
1559878707501,1484,HTTP Request,200,OK,Thread Group 1-15,text,50,50,1484
1559878707597,1395,HTTP Request,200,OK,Thread Group 1-10,text,50,50,1395
1559878707599,1393,HTTP Request,200,OK,Thread Group 1-11,text,50,50,1393
1559878707700,1389,HTTP Request,200,OK,Thread Group 1-37,text,50,50,1389
1559878707701,1491,HTTP Request,200,OK,Thread Group 1-2,text,50,50,1491
1559878707695,1497,HTTP Request,200,OK,Thread Group 1-43,text,50,50,1497
1559878707895,1395,HTTP Request,200,OK,Thread Group 1-9,text,50,50,1395
1559878707894,1396,HTTP Request,200,OK,Thread Group 1-26,text,50,50,1396
1559878707896,1492,HTTP Request,200,OK,Thread Group 1-19,text,50,50,1492
1559878707898,1588,HTTP Request,200,OK,Thread Group 1-46,text,50,50,1587
1559878707899,1589,HTTP Request,200,OK,Thread Group 1-27,text,50,50,1589
1559878707898,1593,HTTP Request,200,OK,Thread Group 1-21,text,50,50,1593
1559878707995,1497,HTTP Request,200,OK,Thread Group 1-28,text,50,50,1497
1559878708094,1398,HTTP Request,200,OK,Thread Group 1-18,text,50,50,1398
1559878708096,1494,HTTP Request,200,OK,Thread Group 1-32,text,50,50,1494
1559878708096,1494,HTTP Request,200,OK,Thread Group 1-50,text,50,50,1494
1559878708298,1393,HTTP Request,200,OK,Thread Group 1-35,text,50,50,1393
1559878708299,1489,HTTP Request,200,OK,Thread Group 1-7,text,50,50,1489
1559878708296,1491,HTTP Request,200,OK,Thread Group 1-42,text,50,50,1491
1559878708096,1697,HTTP Request,200,OK,Thread Group 1-24,text,50,50,1696
1559878708402,1486,HTTP Request,200,OK,Thread Group 1-38,text,50,50,1486
1559878708502,1392,HTTP Request,200,OK,Thread Group 1-29,text,50,50,1392
1559878708502,1487,HTTP Request,200,OK,Thread Group 1-16,text,50,50,1487
1559878708506,1487,HTTP Request,200,OK,Thread Group 1-31,text,50,50,1487
1559878708505,1585,HTTP Request,200,OK,Thread Group 1-33,text,50,50,1585
1559878708702,1485,HTTP Request,200,OK,Thread Group 1-44,text,50,50,1485
1559878708703,1487,HTTP Request,200,OK,Thread Group 1-39,text,50,50,1487
1559878708703,1487,HTTP Request,200,OK,Thread Group 1-49,text,50,50,1487
1559878708800,1489,HTTP Request,200,OK,Thread Group 1-5,text,50,50,1489
1559878708794,1496,HTTP Request,200,OK,Thread Group 1-13,text,50,50,1496
1559878708902,1489,HTTP Request,200,OK,Thread Group 1-1,text,50,50,1489
1559878709002,1487,HTTP Request,200,OK,Thread Group 1-25,text,50,50,1487
1559878708902,1590,HTTP Request,200,OK,Thread Group 1-34,text,50,50,1590
1559878709004,1491,HTTP Request,200,OK,Thread Group 1-3,text,50,50,1491
1559878709004,1588,HTTP Request,200,OK,Thread Group 1-4,text,50,50,1588
1559878709097,1591,HTTP Request,200,OK,Thread Group 1-48,text,50,50,1591
1559878709198,1491,HTTP Request,200,OK,Thread Group 1-30,text,50,50,1491
1559878709301,1491,HTTP Request,200,OK,Thread Group 1-12,text,50,50,1491
1559878709303,1583,HTTP Request,200,OK,Thread Group 1-40,text,50,50,1582
1559878709501,1387,HTTP Request,200,OK,Thread Group 1-47,text,50,50,1387
1559878709199,1687,HTTP Request,200,OK,Thread Group 1-8,text,50,50,1687
1559878709404,1583,HTTP Request,200,OK,Thread Group 1-14,text,50,50,1583
1559878709501,1493,HTTP Request,200,OK,Thread Group 1-23,text,50,50,1493
1559878709504,1782,HTTP Request,200,OK,Thread Group 1-45,text,50,50,1782
1559878709598,1689,HTTP Request,200,OK,Thread Group 1-36,text,50,50,1689
1559878709596,1691,HTTP Request,200,OK,Thread Group 1-17,text,50,50,1691
1559878709705,1586,HTTP Request,200,OK,Thread Group 1-41,text,50,50,1586
1559878709705,1587,HTTP Request,200,OK,Thread Group 1-20,text,50,50,1587
1559878709801,1589,HTTP Request,200,OK,Thread Group 1-22,text,50,50,1589
1559878709802,1592,HTTP Request,200,OK,Thread Group 1-6,text,50,50,1592
1559878709896,1498,HTTP Request,200,OK,Thread Group 1-15,text,50,50,1498
1559878709904,1585,HTTP Request,200,OK,Thread Group 1-11,text,50,50,1585
1559878709903,1585,HTTP Request,200,OK,Thread Group 1-10,text,50,50,1585
1559878709997,1591,HTTP Request,200,OK,Thread Group 1-37,text,50,50,1591
1559878710103,1486,HTTP Request,200,OK,Thread Group 1-2,text,50,50,1485
1559878710104,1487,HTTP Request,200,OK,Thread Group 1-43,text,50,50,1487
1559878710201,1489,HTTP Request,200,OK,Thread Group 1-9,text,50,50,1489
1559878710297,1488,HTTP Request,200,OK,Thread Group 1-19,text,50,50,1488
1559878710201,1584,HTTP Request,200,OK,Thread Group 1-26,text,50,50,1584
1559878710392,1493,HTTP Request,200,OK,Thread Group 1-46,text,50,50,1493
1559878710397,1490,HTTP Request,200,OK,Thread Group 1-28,text,50,50,1490
1559878710398,1491,HTTP Request,200,OK,Thread Group 1-18,text,50,50,1491
1559878710397,1492,HTTP Request,200,OK,Thread Group 1-21,text,50,50,1492
1559878710397,1588,HTTP Request,200,OK,Thread Group 1-27,text,50,50,1588
1559878710501,1487,HTTP Request,200,OK,Thread Group 1-32,text,50,50,1487
1559878710502,1487,HTTP Request,200,OK,Thread Group 1-50,text,50,50,1487
1559878710599,1391,HTTP Request,200,OK,Thread Group 1-35,text,50,50,1391
1559878710700,1487,HTTP Request,200,OK,Thread Group 1-7,text,50,50,1487
1559878710797,1393,HTTP Request,200,OK,Thread Group 1-38,text,50,50,1393
1559878710700,1490,HTTP Request,200,OK,Thread Group 1-42,text,50,50,1490
1559878710703,1584,HTTP Request,200,OK,Thread Group 1-24,text,50,50,1584
1559878710803,1491,HTTP Request,200,OK,Thread Group 1-29,text,50,50,1491
1559878710998,1395,HTTP Request,200,OK,Thread Group 1-33,text,50,50,1395
1559878710902,1491,HTTP Request,200,OK,Thread Group 1-31,text,50,50,1491
1559878710898,1587,HTTP Request,200,OK,Thread Group 1-16,text,50,50,1587
1559878711096,1396,HTTP Request,200,OK,Thread Group 1-44,text,50,50,1396
1559878711107,1480,HTTP Request,200,OK,Thread Group 1-39,text,50,50,1480
1559878711107,1480,HTTP Request,200,OK,Thread Group 1-49,text,50,50,1480
1559878711199,1393,HTTP Request,200,OK,Thread Group 1-5,text,50,50,1393
1559878711200,1491,HTTP Request,200,OK,Thread Group 1-13,text,50,50,1491
1559878711299,1488,HTTP Request,200,OK,Thread Group 1-1,text,50,50,1488
1559878711405,1486,HTTP Request,200,OK,Thread Group 1-3,text,50,50,1486
1559878711402,1489,HTTP Request,200,OK,Thread Group 1-34,text,50,50,1489
1559878711400,1587,HTTP Request,200,OK,Thread Group 1-25,text,50,50,1587
1559878711601,1389,HTTP Request,200,OK,Thread Group 1-30,text,50,50,1388
1559878711500,1585,HTTP Request,200,OK,Thread Group 1-4,text,50,50,1585
1559878711601,1486,HTTP Request,200,OK,Thread Group 1-48,text,50,50,1486
1559878711792,1300,HTTP Request,200,OK,Thread Group 1-40,text,50,50,1300
1559878711701,1392,HTTP Request,200,OK,Thread Group 1-12,text,50,50,1392
1559878711792,1301,HTTP Request,200,OK,Thread Group 1-47,text,50,50,1301
1559878711793,1399,HTTP Request,200,OK,Thread Group 1-8,text,50,50,1399
1559878711897,1297,HTTP Request,200,OK,Thread Group 1-14,text,50,50,1297
1559878712193,1093,HTTP Request,200,OK,Thread Group 1-36,text,50,50,1093
1559878712195,1097,HTTP Request,200,OK,Thread Group 1-45,text,50,50,1097
1559878712196,1194,HTTP Request,200,OK,Thread Group 1-41,text,50,50,1194
1559878711902,1585,HTTP Request,200,OK,Thread Group 1-23,text,50,50,1585
1559878712196,1293,HTTP Request,200,OK,Thread Group 1-17,text,50,50,1293
1559878712197,1388,HTTP Request,200,OK,Thread Group 1-20,text,50,50,1388
1559878712301,1286,HTTP Request,200,OK,Thread Group 1-22,text,50,50,1286
1559878712305,1383,HTTP Request,200,OK,Thread Group 1-6,text,50,50,1383
1559878712306,1383,HTTP Request,200,OK,Thread Group 1-15,text,50,50,1383
1559878712401,1288,HTTP Request,200,OK,Thread Group 1-11,text,50,50,1288
1559878712401,1386,HTTP Request,200,OK,Thread Group 1-10,text,50,50,1385
1559878712505,1387,HTTP Request,200,OK,Thread Group 1-2,text,50,50,1386
1559878712499,1486,HTTP Request,200,OK,Thread Group 1-37,text,50,50,1486
1559878712505,1482,HTTP Request,200,OK,Thread Group 1-43,text,50,50,1482
1559878712696,1292,HTTP Request,200,OK,Thread Group 1-19,text,50,50,1292
1559878712697,1490,HTTP Request,200,OK,Thread Group 1-26,text,50,50,1490
1559878712599,1590,HTTP Request,200,OK,Thread Group 1-9,text,50,50,1590
1559878712793,1396,HTTP Request,200,OK,Thread Group 1-46,text,50,50,1396
1559878712791,1402,HTTP Request,200,OK,Thread Group 1-28,text,50,50,1402
1559878712794,1399,HTTP Request,200,OK,Thread Group 1-18,text,50,50,1399
1559878712901,1391,HTTP Request,200,OK,Thread Group 1-27,text,50,50,1391
1559878712795,1592,HTTP Request,200,OK,Thread Group 1-21,text,50,50,1592
1559878712902,1486,HTTP Request,200,OK,Thread Group 1-32,text,50,50,1486
1559878712905,1487,HTTP Request,200,OK,Thread Group 1-35,text,50,50,1487
1559878712906,1586,HTTP Request,200,OK,Thread Group 1-50,text,50,50,1586
1559878713099,1395,HTTP Request,200,OK,Thread Group 1-7,text,50,50,1395
1559878713103,1486,HTTP Request,200,OK,Thread Group 1-38,text,50,50,1486
1559878713104,1586,HTTP Request,200,OK,Thread Group 1-42,text,50,50,1586
1559878713304,1481,HTTP Request,200,OK,Thread Group 1-33,text,50,50,1481
1559878713197,1591,HTTP Request,200,OK,Thread Group 1-24,text,50,50,1591
1559878713203,1588,HTTP Request,200,OK,Thread Group 1-29,text,50,50,1588
1559878713305,1585,HTTP Request,200,OK,Thread Group 1-31,text,50,50,1585
1559878713396,1589,HTTP Request,200,OK,Thread Group 1-16,text,50,50,1589
1559878713401,1590,HTTP Request,200,OK,Thread Group 1-44,text,50,50,1590
1559878713502,1585,HTTP Request,200,OK,Thread Group 1-39,text,50,50,1585
1559878713499,1589,HTTP Request,200,OK,Thread Group 1-49,text,50,50,1589
1559878713504,1686,HTTP Request,200,OK,Thread Group 1-5,text,50,50,1686
1559878713600,1685,HTTP Request,200,OK,Thread Group 1-13,text,50,50,1685
1559878713697,1594,HTTP Request,200,OK,Thread Group 1-1,text,50,50,1594
1559878713803,1488,HTTP Request,200,OK,Thread Group 1-3,text,50,50,1488
1559878713898,1394,HTTP Request,200,OK,Thread Group 1-25,text,50,50,1394
1559878713803,1490,HTTP Request,200,OK,Thread Group 1-34,text,50,50,1490
1559878713900,1489,HTTP Request,200,OK,Thread Group 1-30,text,50,50,1489
1559878713994,1400,HTTP Request,200,OK,Thread Group 1-4,text,50,50,1400
1559878713993,1499,HTTP Request,200,OK,Thread Group 1-48,text,50,50,1499
1559878713997,1591,HTTP Request,200,OK,Thread Group 1-47,text,50,50,1591
1559878713996,1593,HTTP Request,200,OK,Thread Group 1-40,text,50,50,1593
1559878713997,1593,HTTP Request,200,OK,Thread Group 1-12,text,50,50,1592
1559878714103,1588,HTTP Request,200,OK,Thread Group 1-8,text,50,50,1588
1559878714104,1587,HTTP Request,200,OK,Thread Group 1-14,text,50,50,1587
1559878714200,1591,HTTP Request,200,OK,Thread Group 1-45,text,50,50,1591
1559878714195,1692,HTTP Request,200,OK,Thread Group 1-36,text,50,50,1692
1559878714398,1495,HTTP Request,200,OK,Thread Group 1-23,text,50,50,1495
1559878714399,1591,HTTP Request,200,OK,Thread Group 1-17,text,50,50,1591
1559878714499,1492,HTTP Request,200,OK,Thread Group 1-20,text,50,50,1492
1559878714299,1693,HTTP Request,200,OK,Thread Group 1-41,text,50,50,1693
1559878714602,1586,HTTP Request,200,OK,Thread Group 1-6,text,50,50,1585
1559878714603,1586,HTTP Request,200,OK,Thread Group 1-15,text,50,50,1586
1559878714500,1693,HTTP Request,200,OK,Thread Group 1-22,text,50,50,1693
1559878714604,1683,HTTP Request,200,OK,Thread Group 1-11,text,50,50,1683
1559878714696,1594,HTTP Request,200,OK,Thread Group 1-10,text,50,50,1594
1559878714898,1492,HTTP Request,200,OK,Thread Group 1-43,text,50,50,1492
1559878714907,1578,HTTP Request,200,OK,Thread Group 1-19,text,50,50,1578
1559878715096,1396,HTTP Request,200,OK,Thread Group 1-9,text,50,50,1396
1559878714800,1693,HTTP Request,200,OK,Thread Group 1-2,text,50,50,1693
1559878714902,1687,HTTP Request,200,OK,Thread Group 1-37,text,50,50,1687
1559878715097,1593,HTTP Request,200,OK,Thread Group 1-26,text,50,50,1593
1559878715099,1593,HTTP Request,200,OK,Thread Group 1-28,text,50,50,1593
1559878715099,1698,HTTP Request,200,OK,Thread Group 1-18,text,50,50,1698
1559878715098,1789,HTTP Request,200,OK,Thread Group 1-46,text,50,50,1789
1559878715201,1688,HTTP Request,200,OK,Thread Group 1-27,text,50,50,1688
1559878715302,1591,HTTP Request,200,OK,Thread Group 1-21,text,50,50,1591
1559878715404,1583,HTTP Request,200,OK,Thread Group 1-7,text,47,47,1583
1559878715498,1493,HTTP Request,200,OK,Thread Group 1-38,text,47,47,1493
1559878715302,1784,HTTP Request,200,OK,Thread Group 1-32,text,45,45,1784
1559878715402,1686,HTTP Request,200,OK,Thread Group 1-50,text,45,45,1686
1559878715303,1785,HTTP Request,200,OK,Thread Group 1-35,text,45,45,1785
1559878715700,1400,HTTP Request,200,OK,Thread Group 1-33,text,45,45,1400
1559878715701,1584,HTTP Request,200,OK,Thread Group 1-24,text,41,41,1584
1559878715599,1686,HTTP Request,200,OK,Thread Group 1-42,text,41,41,1686
1559878715703,1583,HTTP Request,200,OK,Thread Group 1-29,text,41,41,1583
1559878715798,1493,HTTP Request,200,OK,Thread Group 1-31,text,41,41,1493
1559878715993,1402,HTTP Request,200,OK,Thread Group 1-49,text,37,37,1402
1559878715900,1496,HTTP Request,200,OK,Thread Group 1-44,text,37,37,1495
1559878715993,1497,HTTP Request,200,OK,Thread Group 1-39,text,35,35,1497
1559878715896,1689,HTTP Request,200,OK,Thread Group 1-16,text,34,34,1689
1559878716098,1493,HTTP Request,200,OK,Thread Group 1-5,text,34,34,1493
1559878716193,1398,HTTP Request,200,OK,Thread Group 1-13,text,34,34,1398
1559878716198,1494,HTTP Request,200,OK,Thread Group 1-3,text,31,31,1494
1559878716198,1494,HTTP Request,200,OK,Thread Group 1-34,text,31,31,1494
1559878716299,1496,HTTP Request,200,OK,Thread Group 1-30,text,29,29,1496
1559878716198,1688,HTTP Request,200,OK,Thread Group 1-1,text,28,28,1688
1559878716198,1690,HTTP Request,200,OK,Thread Group 1-25,text,28,28,1690
1559878716304,1585,HTTP Request,200,OK,Thread Group 1-4,text,28,28,1585
1559878716400,1490,HTTP Request,200,OK,Thread Group 1-48,text,28,28,1490
1559878716503,1489,HTTP Request,200,OK,Thread Group 1-12,text,24,24,1489
1559878716505,1583,HTTP Request,200,OK,Thread Group 1-47,text,23,23,1583
1559878716604,1489,HTTP Request,200,OK,Thread Group 1-14,text,23,23,1489
1559878716505,1593,HTTP Request,200,OK,Thread Group 1-40,text,22,22,1592
1559878716604,1587,HTTP Request,200,OK,Thread Group 1-8,text,20,20,1587
1559878716699,1493,HTTP Request,200,OK,Thread Group 1-45,text,20,20,1493
1559878716797,1493,HTTP Request,200,OK,Thread Group 1-36,text,18,18,1493
1559878716802,1585,HTTP Request,200,OK,Thread Group 1-23,text,17,17,1585
1559878716904,1489,HTTP Request,200,OK,Thread Group 1-20,text,17,17,1488
1559878716906,1585,HTTP Request,200,OK,Thread Group 1-41,text,15,15,1585
1559878717097,1396,HTTP Request,200,OK,Thread Group 1-6,text,15,15,1396
1559878716904,1589,HTTP Request,200,OK,Thread Group 1-17,text,15,15,1589
1559878717107,1484,HTTP Request,200,OK,Thread Group 1-15,text,12,12,1484
1559878717200,1590,HTTP Request,200,OK,Thread Group 1-10,text,11,11,1590
1559878717197,1596,HTTP Request,200,OK,Thread Group 1-11,text,11,11,1596
1559878717107,1783,HTTP Request,200,OK,Thread Group 1-22,text,9,9,1783
1559878717299,1592,HTTP Request,200,OK,Thread Group 1-43,text,9,9,1591
1559878717394,1597,HTTP Request,200,OK,Thread Group 1-19,text,7,7,1597
1559878717405,1681,HTTP Request,200,OK,Thread Group 1-2,text,6,6,1680
1559878717706,1387,HTTP Request,200,OK,Thread Group 1-18,text,6,6,1387
1559878717404,1690,HTTP Request,200,OK,Thread Group 1-9,text,6,6,1690
1559878717498,1688,HTTP Request,200,OK,Thread Group 1-37,text,3,3,1688
1559878717602,1584,HTTP Request,200,OK,Thread Group 1-28,text,3,3,1584
1559878717601,1585,HTTP Request,200,OK,Thread Group 1-26,text,3,3,1585
