1559876358575,2,HTTP Request,200,OK,Thread Group 1-1,text,6,6,1
1559876358575,2,HTTP Request,200,OK,Thread Group 1-2,text,7,7,2
1559876358575,7,HTTP Request,200,OK,Thread Group 1-4,text,11,11,7
1559876358576,12,HTTP Request,200,OK,Thread Group 1-5,text,17,17,12
1559876358576,12,HTTP Request,200,OK,Thread Group 1-3,text,17,17,12
1559876358577,11,HTTP Request,200,OK,Thread Group 1-6,text,17,17,11
1559876358580,15,HTTP Request,200,OK,Thread Group 1-8,text,23,23,15
1559876358579,16,HTTP Request,200,OK,Thread Group 1-7,text,23,23,16
1559876358584,13,HTTP Request,200,OK,Thread Group 1-11,text,23,23,13
1559876358583,13,HTTP Request,200,OK,Thread Group 1-2,text,23,23,13
1559876358585,13,HTTP Request,200,OK,Thread Group 1-4,text,24,24,13
1559876358580,19,HTTP Request,200,OK,Thread Group 1-1,text,24,24,19
1559876358583,17,HTTP Request,200,OK,Thread Group 1-10,text,24,24,17
1559876358586,101,HTTP Request,200,OK,Thread Group 1-14,text,50,50,101
1559876358587,104,HTTP Request,200,OK,Thread Group 1-13,text,50,50,103
1559876358586,105,HTTP Request,200,OK,Thread Group 1-9,text,50,50,105
1559876358587,106,HTTP Request,200,OK,Thread Group 1-12,text,50,50,106
1559876358587,108,HTTP Request,200,OK,Thread Group 1-15,text,50,50,108
1559876358589,201,HTTP Request,200,OK,Thread Group 1-17,text,50,50,201
1559876358589,205,HTTP Request,200,OK,Thread Group 1-16,text,50,50,205
1559876358591,204,HTTP Request,200,OK,Thread Group 1-19,text,50,50,203
1559876358591,299,HTTP Request,200,OK,Thread Group 1-18,text,50,50,298
1559876358592,394,HTTP Request,200,OK,Thread Group 1-6,text,50,50,394
1559876358592,403,HTTP Request,200,OK,Thread Group 1-5,text,50,50,403
1559876358594,493,HTTP Request,200,OK,Thread Group 1-21,text,50,50,492
1559876358592,495,HTTP Request,200,OK,Thread Group 1-3,text,50,50,494
1559876358595,591,HTTP Request,200,OK,Thread Group 1-20,text,50,50,591
1559876358597,594,HTTP Request,200,OK,Thread Group 1-8,text,50,50,593
1559876358596,595,HTTP Request,200,OK,Thread Group 1-23,text,50,50,595
1559876358599,596,HTTP Request,200,OK,Thread Group 1-7,text,50,50,595
1559876358599,695,HTTP Request,200,OK,Thread Group 1-11,text,50,50,695
1559876358599,695,HTTP Request,200,OK,Thread Group 1-24,text,50,50,695
1559876358601,788,HTTP Request,200,OK,Thread Group 1-2,text,50,50,787
1559876358601,792,HTTP Request,200,OK,Thread Group 1-4,text,50,50,792
1559876358601,794,HTTP Request,200,OK,Thread Group 1-1,text,50,50,794
1559876358602,890,HTTP Request,200,OK,Thread Group 1-22,text,50,50,890
1559876358606,987,HTTP Request,200,OK,Thread Group 1-40,text,50,50,987
1559876358603,991,HTTP Request,200,OK,Thread Group 1-25,text,50,50,991
1559876358606,992,HTTP Request,200,OK,Thread Group 1-26,text,50,50,992
1559876358604,989,HTTP Request,200,OK,Thread Group 1-10,text,50,50,989
1559876358606,1083,HTTP Request,200,OK,Thread Group 1-38,text,50,50,1083
1559876358608,1184,HTTP Request,200,OK,Thread Group 1-30,text,50,50,1184
1559876358609,1183,HTTP Request,200,OK,Thread Group 1-34,text,50,50,1183
1559876358608,1184,HTTP Request,200,OK,Thread Group 1-39,text,50,50,1183
1559876358610,1279,HTTP Request,200,OK,Thread Group 1-43,text,50,50,1279
1559876358609,1283,HTTP Request,200,OK,Thread Group 1-36,text,50,50,1283
1559876358610,1285,HTTP Request,200,OK,Thread Group 1-37,text,50,50,1285
1559876358611,1379,HTTP Request,200,OK,Thread Group 1-41,text,50,50,1379
1559876358612,1379,HTTP Request,200,OK,Thread Group 1-45,text,50,50,1379
1559876358612,1478,HTTP Request,200,OK,Thread Group 1-31,text,50,50,1478
1559876358612,1481,HTTP Request,200,OK,Thread Group 1-35,text,50,50,1481
1559876358612,1577,HTTP Request,200,OK,Thread Group 1-29,text,50,50,1577
1559876358613,1577,HTTP Request,200,OK,Thread Group 1-27,text,50,50,1577
1559876358613,1581,HTTP Request,200,OK,Thread Group 1-32,text,50,50,1580
1559876358613,1678,HTTP Request,200,OK,Thread Group 1-33,text,50,50,1678
1559876358613,1683,HTTP Request,200,OK,Thread Group 1-44,text,50,50,1683
1559876358614,1772,HTTP Request,200,OK,Thread Group 1-28,text,50,50,1772
1559876358614,1777,HTTP Request,200,OK,Thread Group 1-42,text,50,50,1777
1559876358615,1779,HTTP Request,200,OK,Thread Group 1-47,text,50,50,1779
1559876358617,1873,HTTP Request,200,OK,Thread Group 1-49,text,50,50,1873
1559876358615,1876,HTTP Request,200,OK,Thread Group 1-46,text,50,50,1876
1559876358617,1874,HTTP Request,200,OK,Thread Group 1-48,text,50,50,1874
1559876358619,1970,HTTP Request,200,OK,Thread Group 1-50,text,50,50,1970
1559876358690,1997,HTTP Request,200,OK,Thread Group 1-14,text,50,50,1996
1559876358696,1994,HTTP Request,200,OK,Thread Group 1-9,text,50,50,1993
1559876358696,1999,HTTP Request,200,OK,Thread Group 1-13,text,50,50,1999
1559876358697,2093,HTTP Request,200,OK,Thread Group 1-12,text,50,50,2093
1559876358701,2089,HTTP Request,200,OK,Thread Group 1-15,text,50,50,2089
1559876358796,1998,HTTP Request,200,OK,Thread Group 1-17,text,50,50,1998
1559876358800,2000,HTTP Request,200,OK,Thread Group 1-16,text,50,50,2000
1559876358895,2092,HTTP Request,200,OK,Thread Group 1-18,text,50,50,2092
1559876358993,1995,HTTP Request,200,OK,Thread Group 1-6,text,50,50,1995
1559876359000,1990,HTTP Request,200,OK,Thread Group 1-5,text,50,50,1990
1559876358801,2187,HTTP Request,200,OK,Thread Group 1-19,text,50,50,2187
1559876359095,1994,HTTP Request,200,OK,Thread Group 1-21,text,50,50,1994
1559876359095,1994,HTTP Request,200,OK,Thread Group 1-3,text,50,50,1994
1559876359193,1900,HTTP Request,200,OK,Thread Group 1-20,text,50,50,1900
1559876359199,1988,HTTP Request,200,OK,Thread Group 1-23,text,50,50,1987
1559876359300,1888,HTTP Request,200,OK,Thread Group 1-24,text,50,50,1888
1559876359200,1988,HTTP Request,200,OK,Thread Group 1-7,text,50,50,1988
1559876359200,1992,HTTP Request,200,OK,Thread Group 1-8,text,50,50,1992
1559876359300,1892,HTTP Request,200,OK,Thread Group 1-11,text,50,50,1892
1559876359400,1888,HTTP Request,200,OK,Thread Group 1-1,text,50,50,1887
1559876359398,1890,HTTP Request,200,OK,Thread Group 1-4,text,50,50,1890
1559876359393,1895,HTTP Request,200,OK,Thread Group 1-2,text,50,50,1895
1559876359599,1791,HTTP Request,200,OK,Thread Group 1-25,text,50,50,1791
1559876359497,1894,HTTP Request,200,OK,Thread Group 1-22,text,50,50,1894
1559876359599,1792,HTTP Request,200,OK,Thread Group 1-40,text,50,50,1792
1559876359603,1886,HTTP Request,200,OK,Thread Group 1-10,text,50,50,1886
1559876359602,1888,HTTP Request,200,OK,Thread Group 1-26,text,50,50,1888
1559876359694,1801,HTTP Request,200,OK,Thread Group 1-38,text,50,50,1801
1559876359798,1790,HTTP Request,200,OK,Thread Group 1-34,text,50,50,1790
1559876359799,1891,HTTP Request,200,OK,Thread Group 1-39,text,50,50,1891
1559876359802,1888,HTTP Request,200,OK,Thread Group 1-30,text,50,50,1888
1559876359895,1891,HTTP Request,200,OK,Thread Group 1-43,text,50,50,1890
1559876359900,1889,HTTP Request,200,OK,Thread Group 1-37,text,50,50,1889
1559876359897,1893,HTTP Request,200,OK,Thread Group 1-36,text,50,50,1893
1559876359996,1794,HTTP Request,200,OK,Thread Group 1-45,text,50,50,1794
1559876359996,1798,HTTP Request,200,OK,Thread Group 1-41,text,50,50,1798
1559876360096,1699,HTTP Request,200,OK,Thread Group 1-31,text,50,50,1699
1559876360100,1789,HTTP Request,200,OK,Thread Group 1-35,text,50,50,1789
1559876360198,1788,HTTP Request,200,OK,Thread Group 1-29,text,50,50,1787
1559876360197,1888,HTTP Request,200,OK,Thread Group 1-27,text,50,50,1888
1559876360200,1890,HTTP Request,200,OK,Thread Group 1-32,text,50,50,1890
1559876360298,1792,HTTP Request,200,OK,Thread Group 1-33,text,50,50,1792
1559876360394,1701,HTTP Request,200,OK,Thread Group 1-28,text,50,50,1701
1559876360398,1699,HTTP Request,200,OK,Thread Group 1-42,text,50,50,1698
1559876360302,1885,HTTP Request,200,OK,Thread Group 1-44,text,50,50,1885
1559876360401,1788,HTTP Request,200,OK,Thread Group 1-47,text,50,50,1788
1559876360499,1693,HTTP Request,200,OK,Thread Group 1-48,text,50,50,1693
1559876360499,1886,HTTP Request,200,OK,Thread Group 1-49,text,50,50,1886
1559876360499,1889,HTTP Request,200,OK,Thread Group 1-46,text,50,50,1889
1559876360596,1894,HTTP Request,200,OK,Thread Group 1-50,text,50,50,1893
1559876360693,1797,HTTP Request,200,OK,Thread Group 1-9,text,50,50,1797
1559876360693,1797,HTTP Request,200,OK,Thread Group 1-14,text,50,50,1797
1559876360798,1887,HTTP Request,200,OK,Thread Group 1-12,text,50,50,1887
1559876360696,1989,HTTP Request,200,OK,Thread Group 1-13,text,50,50,1989
1559876360798,1888,HTTP Request,200,OK,Thread Group 1-15,text,50,50,1888
1559876360801,1890,HTTP Request,200,OK,Thread Group 1-17,text,50,50,1890
1559876360807,1885,HTTP Request,200,OK,Thread Group 1-16,text,50,50,1885
1559876360992,1703,HTTP Request,200,OK,Thread Group 1-18,text,50,50,1703
1559876360994,1791,HTTP Request,200,OK,Thread Group 1-19,text,50,50,1791
1559876360992,1800,HTTP Request,200,OK,Thread Group 1-6,text,50,50,1800
1559876360993,1892,HTTP Request,200,OK,Thread Group 1-5,text,50,50,1892
1559876361092,1797,HTTP Request,200,OK,Thread Group 1-3,text,50,50,1797
1559876361094,1797,HTTP Request,200,OK,Thread Group 1-20,text,50,50,1797
1559876361092,1899,HTTP Request,200,OK,Thread Group 1-21,text,50,50,1899
1559876361192,1896,HTTP Request,200,OK,Thread Group 1-23,text,50,50,1896
1559876361192,1895,HTTP Request,200,OK,Thread Group 1-24,text,50,50,1895
1559876361194,1992,HTTP Request,200,OK,Thread Group 1-7,text,50,50,1991
1559876361194,1992,HTTP Request,200,OK,Thread Group 1-11,text,50,50,1992
1559876361297,1893,HTTP Request,200,OK,Thread Group 1-4,text,50,50,1893
1559876361194,1997,HTTP Request,200,OK,Thread Group 1-8,text,50,50,1997
1559876361297,1990,HTTP Request,200,OK,Thread Group 1-1,text,50,50,1990
1559876361299,2087,HTTP Request,200,OK,Thread Group 1-2,text,50,50,2087
1559876361400,1986,HTTP Request,200,OK,Thread Group 1-25,text,50,50,1986
1559876361400,1986,HTTP Request,200,OK,Thread Group 1-22,text,50,50,1986
1559876361400,1989,HTTP Request,200,OK,Thread Group 1-40,text,50,50,1989
1559876361499,1891,HTTP Request,200,OK,Thread Group 1-10,text,50,50,1891
1559876361596,1796,HTTP Request,200,OK,Thread Group 1-34,text,50,50,1796
1559876361499,1895,HTTP Request,200,OK,Thread Group 1-26,text,50,50,1895
1559876361503,1985,HTTP Request,200,OK,Thread Group 1-38,text,50,50,1985
1559876361699,1889,HTTP Request,200,OK,Thread Group 1-30,text,50,50,1888
1559876361793,1797,HTTP Request,200,OK,Thread Group 1-43,text,50,50,1797
1559876361794,1804,HTTP Request,200,OK,Thread Group 1-37,text,50,50,1804
1559876361699,1991,HTTP Request,200,OK,Thread Group 1-39,text,50,50,1991
1559876361795,1896,HTTP Request,200,OK,Thread Group 1-45,text,50,50,1895
1559876361797,1991,HTTP Request,200,OK,Thread Group 1-41,text,50,50,1991
1559876361797,1998,HTTP Request,200,OK,Thread Group 1-36,text,50,50,1998
1559876361895,1900,HTTP Request,200,OK,Thread Group 1-35,text,50,50,1900
1559876361798,2091,HTTP Request,200,OK,Thread Group 1-31,text,50,50,2091
1559876362091,1897,HTTP Request,200,OK,Thread Group 1-27,text,50,50,1897
1559876361992,2095,HTTP Request,200,OK,Thread Group 1-29,text,50,50,2095
1559876362095,1993,HTTP Request,200,OK,Thread Group 1-33,text,50,50,1993
1559876362093,2001,HTTP Request,200,OK,Thread Group 1-32,text,50,50,2001
1559876362097,1997,HTTP Request,200,OK,Thread Group 1-28,text,50,50,1997
1559876362194,1996,HTTP Request,200,OK,Thread Group 1-44,text,50,50,1996
1559876362196,1999,HTTP Request,200,OK,Thread Group 1-47,text,50,50,1998
1559876362098,2097,HTTP Request,200,OK,Thread Group 1-42,text,50,50,2096
1559876362392,1993,HTTP Request,200,OK,Thread Group 1-49,text,50,50,1993
1559876362496,1896,HTTP Request,200,OK,Thread Group 1-50,text,50,50,1896
1559876362198,2194,HTTP Request,200,OK,Thread Group 1-48,text,50,50,2194
1559876362393,2093,HTTP Request,200,OK,Thread Group 1-46,text,50,50,2092
1559876362497,1992,HTTP Request,200,OK,Thread Group 1-9,text,50,50,1992
1559876362498,2094,HTTP Request,200,OK,Thread Group 1-14,text,50,50,2094
1559876362691,1996,HTTP Request,200,OK,Thread Group 1-13,text,50,50,1996
1559876362691,1996,HTTP Request,200,OK,Thread Group 1-15,text,50,50,1996
1559876362691,2197,HTTP Request,200,OK,Thread Group 1-12,text,50,50,2196
1559876362693,2197,HTTP Request,200,OK,Thread Group 1-17,text,50,50,2197
1559876362792,2104,HTTP Request,200,OK,Thread Group 1-19,text,50,50,2104
1559876362697,2291,HTTP Request,200,OK,Thread Group 1-18,text,50,50,2291
1559876362694,2296,HTTP Request,200,OK,Thread Group 1-16,text,50,50,2296
1559876362798,2293,HTTP Request,200,OK,Thread Group 1-6,text,50,50,2293
1559876362899,2198,HTTP Request,200,OK,Thread Group 1-20,text,50,50,2198
1559876362892,2205,HTTP Request,200,OK,Thread Group 1-5,text,50,50,2205
1559876362897,2200,HTTP Request,200,OK,Thread Group 1-3,text,50,50,2200
1559876363094,2098,HTTP Request,200,OK,Thread Group 1-23,text,50,50,2097
1559876362997,2195,HTTP Request,200,OK,Thread Group 1-21,text,50,50,2195
1559876363189,2102,HTTP Request,200,OK,Thread Group 1-11,text,50,50,2102
1559876363098,2289,HTTP Request,200,OK,Thread Group 1-24,text,50,50,2289
1559876363193,2195,HTTP Request,200,OK,Thread Group 1-8,text,50,50,2195
1559876363192,2196,HTTP Request,200,OK,Thread Group 1-4,text,50,50,2196
1559876363189,2200,HTTP Request,200,OK,Thread Group 1-7,text,50,50,2200
1559876363388,2003,HTTP Request,200,OK,Thread Group 1-22,text,50,50,2003
1559876363293,2097,HTTP Request,200,OK,Thread Group 1-1,text,50,50,2097
1559876363389,2006,HTTP Request,200,OK,Thread Group 1-25,text,50,50,2006
1559876363392,2101,HTTP Request,200,OK,Thread Group 1-10,text,50,50,2101
1559876363392,2194,HTTP Request,200,OK,Thread Group 1-40,text,50,50,2194
1559876363389,2197,HTTP Request,200,OK,Thread Group 1-2,text,50,50,2197
1559876363394,2193,HTTP Request,200,OK,Thread Group 1-34,text,50,50,2193
1559876363396,2195,HTTP Request,200,OK,Thread Group 1-26,text,50,50,2195
1559876363494,2198,HTTP Request,200,OK,Thread Group 1-38,text,50,50,2198
1559876363596,2096,HTTP Request,200,OK,Thread Group 1-43,text,50,50,2096
1559876363594,2199,HTTP Request,200,OK,Thread Group 1-30,text,50,50,2198
1559876363604,2285,HTTP Request,200,OK,Thread Group 1-37,text,50,50,2285
1559876363697,2192,HTTP Request,200,OK,Thread Group 1-45,text,50,50,2192
1559876363795,2193,HTTP Request,200,OK,Thread Group 1-41,text,50,50,2193
1559876363697,2297,HTTP Request,200,OK,Thread Group 1-39,text,50,50,2297
1559876363802,2193,HTTP Request,200,OK,Thread Group 1-36,text,50,50,2193
1559876363802,2288,HTTP Request,200,OK,Thread Group 1-35,text,50,50,2288
1559876363895,2292,HTTP Request,200,OK,Thread Group 1-31,text,50,50,2292
1559876363994,2196,HTTP Request,200,OK,Thread Group 1-27,text,50,50,2196
1559876364093,2197,HTTP Request,200,OK,Thread Group 1-29,text,50,50,2197
1559876364093,2197,HTTP Request,200,OK,Thread Group 1-33,text,50,50,2197
1559876364197,2289,HTTP Request,200,OK,Thread Group 1-44,text,50,50,2289
1559876364201,2293,HTTP Request,200,OK,Thread Group 1-47,text,50,50,2293
1559876364096,2490,HTTP Request,200,OK,Thread Group 1-28,text,50,50,2489
1559876364096,2591,HTTP Request,200,OK,Thread Group 1-32,text,50,50,2591
1559876364201,2487,HTTP Request,200,OK,Thread Group 1-42,text,50,50,2487
1559876364394,2301,HTTP Request,200,OK,Thread Group 1-48,text,50,50,2301
1559876364392,2303,HTTP Request,200,OK,Thread Group 1-49,text,50,50,2303
1559876364394,2302,HTTP Request,200,OK,Thread Group 1-50,text,50,50,2302
1559876364493,2293,HTTP Request,200,OK,Thread Group 1-46,text,50,50,2293
1559876364598,2288,HTTP Request,200,OK,Thread Group 1-14,text,50,50,2287
1559876364694,2291,HTTP Request,200,OK,Thread Group 1-13,text,50,50,2291
1559876364495,2494,HTTP Request,200,OK,Thread Group 1-9,text,50,50,2494
1559876364699,2387,HTTP Request,200,OK,Thread Group 1-15,text,50,50,2387
1559876364893,2197,HTTP Request,200,OK,Thread Group 1-12,text,50,50,2197
1559876364896,2196,HTTP Request,200,OK,Thread Group 1-17,text,50,50,2196
1559876364902,2289,HTTP Request,200,OK,Thread Group 1-19,text,50,50,2289
1559876364994,2197,HTTP Request,200,OK,Thread Group 1-18,text,50,50,2197
1559876365098,2199,HTTP Request,200,OK,Thread Group 1-6,text,50,50,2199
1559876365105,2192,HTTP Request,200,OK,Thread Group 1-5,text,50,50,2192
1559876365105,2284,HTTP Request,200,OK,Thread Group 1-3,text,50,50,2284
1559876364996,2389,HTTP Request,200,OK,Thread Group 1-16,text,50,50,2389
1559876365105,2285,HTTP Request,200,OK,Thread Group 1-20,text,50,50,2285
1559876365198,2192,HTTP Request,200,OK,Thread Group 1-21,text,50,50,2192
1559876365297,2103,HTTP Request,200,OK,Thread Group 1-11,text,50,50,2103
1559876365390,2103,HTTP Request,200,OK,Thread Group 1-8,text,50,50,2103
1559876365389,2105,HTTP Request,200,OK,Thread Group 1-24,text,50,50,2105
1559876365392,2105,HTTP Request,200,OK,Thread Group 1-7,text,50,50,2105
1559876365391,2197,HTTP Request,200,OK,Thread Group 1-4,text,50,50,2197
1559876365198,2491,HTTP Request,200,OK,Thread Group 1-23,text,50,50,2491
1559876365392,2297,HTTP Request,200,OK,Thread Group 1-1,text,50,50,2297
1559876365393,2299,HTTP Request,200,OK,Thread Group 1-22,text,50,50,2298
1559876365396,2296,HTTP Request,200,OK,Thread Group 1-25,text,50,50,2295
1559876365499,2290,HTTP Request,200,OK,Thread Group 1-10,text,50,50,2290
1559876365592,2295,HTTP Request,200,OK,Thread Group 1-40,text,50,50,2295
1559876365592,2298,HTTP Request,200,OK,Thread Group 1-2,text,50,50,2298
1559876365592,2303,HTTP Request,200,OK,Thread Group 1-34,text,50,50,2303
1559876365593,2399,HTTP Request,200,OK,Thread Group 1-26,text,50,50,2399
1559876365699,2293,HTTP Request,200,OK,Thread Group 1-43,text,50,50,2293
1559876365896,2292,HTTP Request,200,OK,Thread Group 1-45,text,50,50,2292
1559876365799,2392,HTTP Request,200,OK,Thread Group 1-30,text,50,50,2392
1559876365699,2686,HTTP Request,200,OK,Thread Group 1-38,text,50,50,2686
1559876366001,2393,HTTP Request,200,OK,Thread Group 1-36,text,50,50,2393
1559876365895,2591,HTTP Request,200,OK,Thread Group 1-37,text,50,50,2591
1559876365994,2494,HTTP Request,200,OK,Thread Group 1-41,text,50,50,2494
1559876366000,2493,HTTP Request,200,OK,Thread Group 1-39,text,50,50,2493
1559876366198,2297,HTTP Request,200,OK,Thread Group 1-27,text,50,50,2297
1559876366096,2494,HTTP Request,200,OK,Thread Group 1-35,text,50,50,2494
1559876366195,2396,HTTP Request,200,OK,Thread Group 1-31,text,50,50,2396
1559876366297,2301,HTTP Request,200,OK,Thread Group 1-29,text,50,50,2301
1559876366297,2392,HTTP Request,200,OK,Thread Group 1-33,text,50,50,2392
1559876366496,2292,HTTP Request,200,OK,Thread Group 1-47,text,50,50,2292
1559876366493,2296,HTTP Request,200,OK,Thread Group 1-44,text,50,50,2296
1559876366693,2194,HTTP Request,200,OK,Thread Group 1-32,text,50,50,2194
1559876366703,2188,HTTP Request,200,OK,Thread Group 1-48,text,50,50,2188
1559876366694,2197,HTTP Request,200,OK,Thread Group 1-42,text,50,50,2197
1559876366592,2394,HTTP Request,200,OK,Thread Group 1-28,text,50,50,2394
1559876366704,2283,HTTP Request,200,OK,Thread Group 1-50,text,50,50,2283
1559876366993,2099,HTTP Request,200,OK,Thread Group 1-9,text,50,50,2098
1559876366893,2199,HTTP Request,200,OK,Thread Group 1-14,text,50,50,2199
1559876366704,2487,HTTP Request,200,OK,Thread Group 1-49,text,50,50,2487
1559876366992,2293,HTTP Request,200,OK,Thread Group 1-13,text,50,50,2293
1559876367093,2195,HTTP Request,200,OK,Thread Group 1-15,text,50,50,2195
1559876366793,2500,HTTP Request,200,OK,Thread Group 1-46,text,50,50,2500
1559876367096,2200,HTTP Request,200,OK,Thread Group 1-12,text,50,50,2200
1559876367102,2285,HTTP Request,200,OK,Thread Group 1-17,text,50,50,2285
1559876367198,2194,HTTP Request,200,OK,Thread Group 1-19,text,50,50,2194
1559876367198,2194,HTTP Request,200,OK,Thread Group 1-18,text,50,50,2194
1559876367303,2191,HTTP Request,200,OK,Thread Group 1-5,text,50,50,2191
1559876367303,2282,HTTP Request,200,OK,Thread Group 1-6,text,50,50,2282
1559876367394,2293,HTTP Request,200,OK,Thread Group 1-20,text,50,50,2293
1559876367391,2304,HTTP Request,200,OK,Thread Group 1-16,text,50,50,2304
1559876367394,2301,HTTP Request,200,OK,Thread Group 1-3,text,50,50,2301
1559876367396,2299,HTTP Request,200,OK,Thread Group 1-21,text,50,50,2299
1559876367402,2385,HTTP Request,200,OK,Thread Group 1-11,text,50,50,2385
1559876367500,2385,HTTP Request,200,OK,Thread Group 1-8,text,50,50,2385
1559876367503,2389,HTTP Request,200,OK,Thread Group 1-7,text,50,50,2389
1559876367501,2486,HTTP Request,200,OK,Thread Group 1-24,text,50,50,2486
1559876367594,2398,HTTP Request,200,OK,Thread Group 1-4,text,50,50,2398
1559876367698,2388,HTTP Request,200,OK,Thread Group 1-23,text,50,50,2387
1559876367698,2394,HTTP Request,200,OK,Thread Group 1-1,text,50,50,2394
1559876367700,2489,HTTP Request,200,OK,Thread Group 1-25,text,50,50,2489
1559876367700,2491,HTTP Request,200,OK,Thread Group 1-22,text,50,50,2491
1559876367795,2403,HTTP Request,200,OK,Thread Group 1-10,text,50,50,2403
1559876367894,2396,HTTP Request,200,OK,Thread Group 1-40,text,50,50,2396
1559876367895,2491,HTTP Request,200,OK,Thread Group 1-2,text,50,50,2490
1559876367999,2393,HTTP Request,200,OK,Thread Group 1-43,text,50,50,2393
1559876367897,2495,HTTP Request,200,OK,Thread Group 1-34,text,50,50,2495
1559876368195,2390,HTTP Request,200,OK,Thread Group 1-45,text,50,50,2390
1559876367999,2586,HTTP Request,200,OK,Thread Group 1-26,text,50,50,2586
1559876368392,2297,HTTP Request,200,OK,Thread Group 1-38,text,50,50,2297
1559876368493,2203,HTTP Request,200,OK,Thread Group 1-37,text,50,50,2203
1559876368197,2499,HTTP Request,200,OK,Thread Group 1-30,text,50,50,2499
1559876368400,2386,HTTP Request,200,OK,Thread Group 1-36,text,50,50,2386
1559876368493,2297,HTTP Request,200,OK,Thread Group 1-41,text,50,50,2297
1559876368496,2391,HTTP Request,200,OK,Thread Group 1-39,text,50,50,2391
1559876368597,2292,HTTP Request,200,OK,Thread Group 1-31,text,50,50,2292
1559876368497,2491,HTTP Request,200,OK,Thread Group 1-27,text,50,50,2491
1559876368597,2393,HTTP Request,200,OK,Thread Group 1-35,text,50,50,2393
1559876368604,2488,HTTP Request,200,OK,Thread Group 1-29,text,50,50,2488
1559876368795,2303,HTTP Request,200,OK,Thread Group 1-47,text,50,50,2303
1559876368695,2496,HTTP Request,200,OK,Thread Group 1-33,text,50,50,2495
1559876368795,2397,HTTP Request,200,OK,Thread Group 1-44,text,50,50,2397
1559876368891,2398,HTTP Request,200,OK,Thread Group 1-32,text,50,50,2398
1559876368893,2400,HTTP Request,200,OK,Thread Group 1-42,text,50,50,2400
1559876368893,2400,HTTP Request,200,OK,Thread Group 1-48,text,50,50,2400
1559876368993,2397,HTTP Request,200,OK,Thread Group 1-50,text,50,50,2397
1559876369099,2392,HTTP Request,200,OK,Thread Group 1-9,text,50,50,2392
1559876369099,2488,HTTP Request,200,OK,Thread Group 1-14,text,50,50,2488
1559876368993,2596,HTTP Request,200,OK,Thread Group 1-28,text,50,50,2596
1559876369292,2395,HTTP Request,200,OK,Thread Group 1-13,text,50,50,2395
1559876369296,2393,HTTP Request,200,OK,Thread Group 1-15,text,50,50,2393
1559876369302,2488,HTTP Request,200,OK,Thread Group 1-12,text,50,50,2488
1559876369197,2690,HTTP Request,200,OK,Thread Group 1-49,text,50,50,2690
1559876369299,2588,HTTP Request,200,OK,Thread Group 1-46,text,50,50,2588
1559876369394,2593,HTTP Request,200,OK,Thread Group 1-17,text,50,50,2593
1559876369400,2595,HTTP Request,200,OK,Thread Group 1-18,text,50,50,2595
1559876369404,2688,HTTP Request,200,OK,Thread Group 1-19,text,50,50,2688
1559876369500,2593,HTTP Request,200,OK,Thread Group 1-5,text,50,50,2592
1559876369694,2497,HTTP Request,200,OK,Thread Group 1-20,text,50,50,2496
1559876369593,2599,HTTP Request,200,OK,Thread Group 1-6,text,50,50,2599
1559876369703,2582,HTTP Request,200,OK,Thread Group 1-21,text,50,50,2582
1559876369703,2588,HTTP Request,200,OK,Thread Group 1-3,text,50,50,2588
1559876369703,2589,HTTP Request,200,OK,Thread Group 1-16,text,50,50,2589
1559876369794,2598,HTTP Request,200,OK,Thread Group 1-11,text,50,50,2598
1559876369892,2500,HTTP Request,200,OK,Thread Group 1-8,text,50,50,2500
1559876369894,2499,HTTP Request,200,OK,Thread Group 1-7,text,50,50,2499
1559876369994,2498,HTTP Request,200,OK,Thread Group 1-4,text,50,50,2498
1559876369993,2694,HTTP Request,200,OK,Thread Group 1-24,text,50,50,2694
1559876370092,2598,HTTP Request,200,OK,Thread Group 1-23,text,50,50,2598
1559876370196,2495,HTTP Request,200,OK,Thread Group 1-25,text,50,50,2495
1559876370094,2597,HTTP Request,200,OK,Thread Group 1-1,text,50,50,2597
1559876370197,2499,HTTP Request,200,OK,Thread Group 1-22,text,50,50,2499
1559876370204,2584,HTTP Request,200,OK,Thread Group 1-10,text,50,50,2584
1559876370296,2495,HTTP Request,200,OK,Thread Group 1-40,text,50,50,2495
1559876370393,2498,HTTP Request,200,OK,Thread Group 1-2,text,50,50,2498
1559876370399,2493,HTTP Request,200,OK,Thread Group 1-34,text,50,50,2493
1559876370593,2300,HTTP Request,200,OK,Thread Group 1-26,text,50,50,2300
1559876370698,2198,HTTP Request,200,OK,Thread Group 1-30,text,50,50,2198
1559876370594,2394,HTTP Request,200,OK,Thread Group 1-45,text,50,50,2394
1559876370399,2589,HTTP Request,200,OK,Thread Group 1-43,text,50,50,2589
1559876370698,2293,HTTP Request,200,OK,Thread Group 1-37,text,50,50,2292
1559876370792,2302,HTTP Request,200,OK,Thread Group 1-36,text,50,50,2302
1559876370793,2393,HTTP Request,200,OK,Thread Group 1-41,text,50,50,2393
1559876370695,2493,HTTP Request,200,OK,Thread Group 1-38,text,50,50,2492
1559876370894,2295,HTTP Request,200,OK,Thread Group 1-39,text,50,50,2295
1559876370895,2396,HTTP Request,200,OK,Thread Group 1-31,text,50,50,2396
1559876370995,2394,HTTP Request,200,OK,Thread Group 1-27,text,50,50,2394
1559876370997,2489,HTTP Request,200,OK,Thread Group 1-35,text,50,50,2489
1559876371104,2387,HTTP Request,200,OK,Thread Group 1-47,text,50,50,2387
1559876371099,2388,HTTP Request,200,OK,Thread Group 1-29,text,50,50,2388
1559876371198,2390,HTTP Request,200,OK,Thread Group 1-33,text,50,50,2390
1559876371198,2392,HTTP Request,200,OK,Thread Group 1-44,text,50,50,2392
1559876371301,2398,HTTP Request,200,OK,Thread Group 1-48,text,50,50,2398
1559876371300,2489,HTTP Request,200,OK,Thread Group 1-42,text,50,50,2488
1559876371396,2393,HTTP Request,200,OK,Thread Group 1-50,text,50,50,2393
1559876371296,2493,HTTP Request,200,OK,Thread Group 1-32,text,50,50,2493
1559876371497,2394,HTTP Request,200,OK,Thread Group 1-9,text,50,50,2394
1559876371596,2392,HTTP Request,200,OK,Thread Group 1-28,text,50,50,2392
1559876371594,2491,HTTP Request,200,OK,Thread Group 1-14,text,50,50,2491
1559876371694,2394,HTTP Request,200,OK,Thread Group 1-13,text,50,50,2394
1559876371796,2295,HTTP Request,200,OK,Thread Group 1-12,text,50,50,2295
1559876371695,2395,HTTP Request,200,OK,Thread Group 1-15,text,50,50,2395
1559876371898,2197,HTTP Request,200,OK,Thread Group 1-46,text,50,50,2197
1559876371993,2102,HTTP Request,200,OK,Thread Group 1-17,text,50,50,2102
1559876371894,2295,HTTP Request,200,OK,Thread Group 1-49,text,50,50,2295
1559876371997,2195,HTTP Request,200,OK,Thread Group 1-18,text,50,50,2195
1559876372099,2192,HTTP Request,200,OK,Thread Group 1-5,text,50,50,2192
1559876372099,2289,HTTP Request,200,OK,Thread Group 1-19,text,50,50,2289
1559876372198,2291,HTTP Request,200,OK,Thread Group 1-6,text,50,50,2291
1559876372198,2291,HTTP Request,200,OK,Thread Group 1-20,text,50,50,2291
1559876372297,2291,HTTP Request,200,OK,Thread Group 1-3,text,50,50,2291
1559876372293,2298,HTTP Request,200,OK,Thread Group 1-21,text,50,50,2298
1559876372299,2296,HTTP Request,200,OK,Thread Group 1-16,text,50,50,2296
1559876372401,2387,HTTP Request,200,OK,Thread Group 1-7,text,50,50,2387
1559876372400,2388,HTTP Request,200,OK,Thread Group 1-11,text,50,50,2388
1559876372498,2291,HTTP Request,200,OK,Thread Group 1-4,text,50,50,2291
1559876372401,2389,HTTP Request,200,OK,Thread Group 1-8,text,50,50,2389
1559876372694,2196,HTTP Request,200,OK,Thread Group 1-24,text,50,50,2196
1559876372695,2197,HTTP Request,200,OK,Thread Group 1-23,text,50,50,2197
1559876372695,2294,HTTP Request,200,OK,Thread Group 1-1,text,50,50,2294
1559876372698,2389,HTTP Request,200,OK,Thread Group 1-22,text,50,50,2389
1559876372696,2393,HTTP Request,200,OK,Thread Group 1-25,text,50,50,2393
1559876372795,2392,HTTP Request,200,OK,Thread Group 1-10,text,50,50,2392
1559876372798,2390,HTTP Request,200,OK,Thread Group 1-40,text,50,50,2390
1559876372893,2295,HTTP Request,200,OK,Thread Group 1-2,text,50,50,2295
1559876372894,2395,HTTP Request,200,OK,Thread Group 1-34,text,50,50,2395
1559876372895,2396,HTTP Request,200,OK,Thread Group 1-26,text,50,50,2396
1559876372996,2494,HTTP Request,200,OK,Thread Group 1-45,text,50,50,2494
1559876372996,2494,HTTP Request,200,OK,Thread Group 1-43,text,50,50,2494
1559876372897,2595,HTTP Request,200,OK,Thread Group 1-30,text,50,50,2595
1559876373192,2399,HTTP Request,200,OK,Thread Group 1-41,text,50,50,2399
1559876372998,2687,HTTP Request,200,OK,Thread Group 1-37,text,50,50,2687
1559876373101,2586,HTTP Request,200,OK,Thread Group 1-36,text,50,50,2586
1559876373192,2496,HTTP Request,200,OK,Thread Group 1-38,text,50,50,2496
1559876373298,2490,HTTP Request,200,OK,Thread Group 1-31,text,50,50,2490
1559876373192,2596,HTTP Request,200,OK,Thread Group 1-39,text,50,50,2596
1559876373493,2395,HTTP Request,200,OK,Thread Group 1-35,text,50,50,2394
1559876373395,2493,HTTP Request,200,OK,Thread Group 1-27,text,50,50,2493
1559876373497,2394,HTTP Request,200,OK,Thread Group 1-47,text,50,50,2394
1559876373597,2489,HTTP Request,200,OK,Thread Group 1-44,text,50,50,2489
1559876373595,2491,HTTP Request,200,OK,Thread Group 1-33,text,50,50,2491
1559876373498,2589,HTTP Request,200,OK,Thread Group 1-29,text,50,50,2589
1559876373706,2382,HTTP Request,200,OK,Thread Group 1-48,text,50,50,2382
1559876373797,2298,HTTP Request,200,OK,Thread Group 1-42,text,50,50,2298
1559876373798,2300,HTTP Request,200,OK,Thread Group 1-32,text,50,50,2300
1559876373797,2392,HTTP Request,200,OK,Thread Group 1-50,text,50,50,2392
1559876373897,2394,HTTP Request,200,OK,Thread Group 1-9,text,50,50,2394
1559876373994,2297,HTTP Request,200,OK,Thread Group 1-28,text,50,50,2297
1559876374091,2301,HTTP Request,200,OK,Thread Group 1-14,text,50,50,2300
1559876374092,2499,HTTP Request,200,OK,Thread Group 1-13,text,50,50,2499
1559876374097,2494,HTTP Request,200,OK,Thread Group 1-17,text,50,50,2494
1559876374094,2497,HTTP Request,200,OK,Thread Group 1-12,text,50,50,2497
1559876374094,2596,HTTP Request,200,OK,Thread Group 1-15,text,50,50,2596
1559876374097,2689,HTTP Request,200,OK,Thread Group 1-46,text,50,50,2689
1559876374297,2491,HTTP Request,200,OK,Thread Group 1-5,text,50,50,2491
1559876374196,2690,HTTP Request,200,OK,Thread Group 1-49,text,50,50,2690
1559876374199,2687,HTTP Request,200,OK,Thread Group 1-18,text,50,50,2687
1559876374497,2392,HTTP Request,200,OK,Thread Group 1-6,text,50,50,2392
1559876374395,2498,HTTP Request,200,OK,Thread Group 1-19,text,50,50,2498
1559876374497,2396,HTTP Request,200,OK,Thread Group 1-20,text,50,50,2396
1559876374596,2298,HTTP Request,200,OK,Thread Group 1-3,text,50,50,2298
1559876374598,2394,HTTP Request,200,OK,Thread Group 1-21,text,50,50,2394
1559876374605,2483,HTTP Request,200,OK,Thread Group 1-16,text,50,50,2483
1559876374798,2291,HTTP Request,200,OK,Thread Group 1-7,text,50,50,2291
1559876374798,2388,HTTP Request,200,OK,Thread Group 1-4,text,50,50,2387
1559876374798,2392,HTTP Request,200,OK,Thread Group 1-8,text,50,50,2392
1559876374798,2392,HTTP Request,200,OK,Thread Group 1-11,text,50,50,2392
1559876374897,2295,HTTP Request,200,OK,Thread Group 1-24,text,50,50,2295
1559876374898,2296,HTTP Request,200,OK,Thread Group 1-23,text,50,50,2296
1559876375095,2100,HTTP Request,200,OK,Thread Group 1-22,text,50,50,2100
1559876375099,2190,HTTP Request,200,OK,Thread Group 1-25,text,50,50,2190
1559876375197,2290,HTTP Request,200,OK,Thread Group 1-10,text,50,50,2290
1559876374996,2492,HTTP Request,200,OK,Thread Group 1-1,text,50,50,2492
1559876375196,2293,HTTP Request,200,OK,Thread Group 1-40,text,50,50,2293
1559876375197,2297,HTTP Request,200,OK,Thread Group 1-2,text,50,50,2297
1559876375297,2291,HTTP Request,200,OK,Thread Group 1-34,text,50,50,2291
1559876375298,2291,HTTP Request,200,OK,Thread Group 1-26,text,50,50,2291
1559876375499,2193,HTTP Request,200,OK,Thread Group 1-43,text,50,50,2193
1559876375499,2287,HTTP Request,200,OK,Thread Group 1-45,text,50,50,2287
1559876375500,2288,HTTP Request,200,OK,Thread Group 1-30,text,50,50,2288
1559876375691,2098,HTTP Request,200,OK,Thread Group 1-37,text,50,50,2098
1559876375597,2189,HTTP Request,200,OK,Thread Group 1-41,text,50,50,2189
1559876375693,2105,HTTP Request,200,OK,Thread Group 1-36,text,50,50,2105
1559876375693,2198,HTTP Request,200,OK,Thread Group 1-38,text,50,50,2198
1559876375797,2192,HTTP Request,200,OK,Thread Group 1-31,text,50,50,2192
1559876375895,2194,HTTP Request,200,OK,Thread Group 1-35,text,50,50,2194
1559876375797,2293,HTTP Request,200,OK,Thread Group 1-39,text,50,50,2293
1559876375896,2195,HTTP Request,200,OK,Thread Group 1-47,text,50,50,2195
1559876376096,2191,HTTP Request,200,OK,Thread Group 1-33,text,50,50,2191
1559876375896,2391,HTTP Request,200,OK,Thread Group 1-27,text,50,50,2391
1559876376097,2194,HTTP Request,200,OK,Thread Group 1-48,text,50,50,2194
1559876376095,2299,HTTP Request,200,OK,Thread Group 1-44,text,50,50,2299
1559876376097,2297,HTTP Request,200,OK,Thread Group 1-29,text,50,50,2297
1559876376099,2296,HTTP Request,200,OK,Thread Group 1-42,text,50,50,2296
1559876376100,2391,HTTP Request,200,OK,Thread Group 1-32,text,50,50,2391
1559876376196,2295,HTTP Request,200,OK,Thread Group 1-50,text,50,50,2295
1559876376298,2288,HTTP Request,200,OK,Thread Group 1-9,text,50,50,2287
1559876376299,2289,HTTP Request,200,OK,Thread Group 1-28,text,50,50,2289
1559876376399,2191,HTTP Request,200,OK,Thread Group 1-14,text,50,50,2191
1559876376599,2089,HTTP Request,200,OK,Thread Group 1-17,text,50,50,2089
1559876376599,2094,HTTP Request,200,OK,Thread Group 1-13,text,50,50,2094
1559876376599,2191,HTTP Request,200,OK,Thread Group 1-12,text,50,50,2191
1559876376697,2093,HTTP Request,200,OK,Thread Group 1-15,text,50,50,2093
1559876376793,2092,HTTP Request,200,OK,Thread Group 1-46,text,50,50,2092
1559876376795,2096,HTTP Request,200,OK,Thread Group 1-5,text,50,50,2096
1559876376893,2194,HTTP Request,200,OK,Thread Group 1-6,text,50,50,2194
1559876376892,2198,HTTP Request,200,OK,Thread Group 1-18,text,50,50,2198
1559876376896,2292,HTTP Request,200,OK,Thread Group 1-20,text,50,50,2292
1559876376892,2296,HTTP Request,200,OK,Thread Group 1-49,text,50,50,2296
1559876376897,2292,HTTP Request,200,OK,Thread Group 1-3,text,50,50,2292
1559876376898,2389,HTTP Request,200,OK,Thread Group 1-19,text,50,50,2389
1559876376998,2487,HTTP Request,200,OK,Thread Group 1-21,text,50,50,2487
1559876377095,2395,HTTP Request,200,OK,Thread Group 1-7,text,50,50,2395
1559876377095,2395,HTTP Request,200,OK,Thread Group 1-16,text,50,50,2395
1559876377194,2298,HTTP Request,200,OK,Thread Group 1-11,text,50,50,2298
1559876377192,2302,HTTP Request,200,OK,Thread Group 1-8,text,50,50,2302
1559876377194,2395,HTTP Request,200,OK,Thread Group 1-24,text,50,50,2395
1559876377191,2402,HTTP Request,200,OK,Thread Group 1-4,text,50,50,2402
1559876377196,2398,HTTP Request,200,OK,Thread Group 1-23,text,50,50,2398
1559876377492,2198,HTTP Request,200,OK,Thread Group 1-10,text,50,50,2197
1559876377494,2293,HTTP Request,200,OK,Thread Group 1-1,text,50,50,2293
1559876377197,2591,HTTP Request,200,OK,Thread Group 1-22,text,50,50,2591
1559876377496,2394,HTTP Request,200,OK,Thread Group 1-40,text,50,50,2394
1559876377500,2390,HTTP Request,200,OK,Thread Group 1-2,text,50,50,2390
1559876377296,2691,HTTP Request,200,OK,Thread Group 1-25,text,50,50,2691
1559876377596,2393,HTTP Request,200,OK,Thread Group 1-26,text,50,50,2393
1559876377598,2392,HTTP Request,200,OK,Thread Group 1-34,text,50,50,2392
1559876377793,2298,HTTP Request,200,OK,Thread Group 1-45,text,50,50,2298
1559876377699,2393,HTTP Request,200,OK,Thread Group 1-43,text,50,50,2393
1559876377798,2395,HTTP Request,200,OK,Thread Group 1-37,text,50,50,2395
1559876377799,2487,HTTP Request,200,OK,Thread Group 1-41,text,50,50,2487
1559876377801,2586,HTTP Request,200,OK,Thread Group 1-30,text,50,50,2586
1559876377806,2584,HTTP Request,200,OK,Thread Group 1-36,text,50,50,2584
1559876377898,2495,HTTP Request,200,OK,Thread Group 1-38,text,50,50,2495
1559876378097,2391,HTTP Request,200,OK,Thread Group 1-35,text,50,50,2391
1559876377996,2494,HTTP Request,200,OK,Thread Group 1-31,text,50,50,2494
1559876378098,2395,HTTP Request,200,OK,Thread Group 1-39,text,50,50,2395
1559876378099,2493,HTTP Request,200,OK,Thread Group 1-47,text,50,50,2493
1559876378293,2393,HTTP Request,200,OK,Thread Group 1-48,text,50,50,2393
1559876378293,2402,HTTP Request,200,OK,Thread Group 1-33,text,50,50,2402
1559876378402,2483,HTTP Request,200,OK,Thread Group 1-44,text,50,50,2483
1559876378403,2485,HTTP Request,200,OK,Thread Group 1-29,text,50,50,2485
1559876378495,2393,HTTP Request,200,OK,Thread Group 1-32,text,50,50,2393
1559876378403,2586,HTTP Request,200,OK,Thread Group 1-42,text,50,50,2586
1559876378293,2698,HTTP Request,200,OK,Thread Group 1-27,text,50,50,2698
1559876378597,2395,HTTP Request,200,OK,Thread Group 1-9,text,50,50,2395
1559876378597,2401,HTTP Request,200,OK,Thread Group 1-28,text,50,50,2401
1559876378495,2592,HTTP Request,200,OK,Thread Group 1-50,text,50,50,2592
1559876378598,2496,HTTP Request,200,OK,Thread Group 1-14,text,50,50,2496
1559876378699,2595,HTTP Request,200,OK,Thread Group 1-13,text,50,50,2594
1559876378894,2399,HTTP Request,200,OK,Thread Group 1-46,text,50,50,2399
1559876378798,2588,HTTP Request,200,OK,Thread Group 1-12,text,50,50,2588
1559876378898,2491,HTTP Request,200,OK,Thread Group 1-5,text,50,50,2490
1559876378695,2691,HTTP Request,200,OK,Thread Group 1-17,text,50,50,2691
1559876378802,2590,HTTP Request,200,OK,Thread Group 1-15,text,50,50,2589
1559876379096,2394,HTTP Request,200,OK,Thread Group 1-18,text,50,50,2394
1559876379095,2491,HTTP Request,200,OK,Thread Group 1-6,text,50,50,2491
1559876379194,2396,HTTP Request,200,OK,Thread Group 1-49,text,50,50,2396
1559876379195,2396,HTTP Request,200,OK,Thread Group 1-20,text,50,50,2395
1559876379488,2207,HTTP Request,200,OK,Thread Group 1-21,text,50,50,2207
1559876379195,2692,HTTP Request,200,OK,Thread Group 1-3,text,50,50,2692
1559876379494,2491,HTTP Request,200,OK,Thread Group 1-16,text,50,50,2491
1559876379294,2692,HTTP Request,200,OK,Thread Group 1-19,text,50,50,2692
1559876379499,2490,HTTP Request,200,OK,Thread Group 1-11,text,50,50,2490
1559876379494,2496,HTTP Request,200,OK,Thread Group 1-7,text,50,50,2496
1559876379499,2588,HTTP Request,200,OK,Thread Group 1-8,text,50,50,2588
1559876379600,2493,HTTP Request,200,OK,Thread Group 1-4,text,50,50,2492
1559876379603,2589,HTTP Request,200,OK,Thread Group 1-23,text,50,50,2589
1559876379697,2498,HTTP Request,200,OK,Thread Group 1-10,text,50,50,2498
1559876379795,2400,HTTP Request,200,OK,Thread Group 1-1,text,50,50,2400
1559876379600,2686,HTTP Request,200,OK,Thread Group 1-24,text,50,50,2686
1559876379898,2489,HTTP Request,200,OK,Thread Group 1-2,text,50,50,2489
1559876379799,2588,HTTP Request,200,OK,Thread Group 1-22,text,50,50,2588
1559876379994,2399,HTTP Request,200,OK,Thread Group 1-25,text,50,50,2398
1559876379997,2491,HTTP Request,200,OK,Thread Group 1-34,text,50,50,2491
1559876380098,2493,HTTP Request,200,OK,Thread Group 1-45,text,50,50,2493
1559876379898,2693,HTTP Request,200,OK,Thread Group 1-40,text,50,50,2693
1559876380199,2492,HTTP Request,200,OK,Thread Group 1-37,text,50,50,2492
1559876380099,2687,HTTP Request,200,OK,Thread Group 1-43,text,50,50,2686
1559876379999,2787,HTTP Request,200,OK,Thread Group 1-26,text,50,50,2786
1559876380293,2498,HTTP Request,200,OK,Thread Group 1-41,text,50,50,2497
1559876380394,2495,HTTP Request,200,OK,Thread Group 1-30,text,50,50,2495
1559876380395,2497,HTTP Request,200,OK,Thread Group 1-36,text,50,50,2497
1559876380396,2589,HTTP Request,200,OK,Thread Group 1-38,text,50,50,2589
1559876380496,2498,HTTP Request,200,OK,Thread Group 1-31,text,50,50,2498
1559876380494,2500,HTTP Request,200,OK,Thread Group 1-35,text,50,50,2500
1559876380500,2593,HTTP Request,200,OK,Thread Group 1-39,text,50,50,2593
1559876380599,2590,HTTP Request,200,OK,Thread Group 1-47,text,50,50,2590
1559876380701,2491,HTTP Request,200,OK,Thread Group 1-33,text,50,50,2490
1559876380694,2498,HTTP Request,200,OK,Thread Group 1-48,text,50,50,2498
1559876380893,2399,HTTP Request,200,OK,Thread Group 1-44,text,50,50,2399
1559876380996,2394,HTTP Request,200,OK,Thread Group 1-27,text,50,50,2394
1559876380896,2494,HTTP Request,200,OK,Thread Group 1-29,text,50,50,2494
1559876380896,2590,HTTP Request,200,OK,Thread Group 1-32,text,50,50,2590
1559876380997,2492,HTTP Request,200,OK,Thread Group 1-9,text,50,50,2492
1559876380997,2492,HTTP Request,200,OK,Thread Group 1-42,text,50,50,2492
1559876381000,2491,HTTP Request,200,OK,Thread Group 1-28,text,50,50,2491
1559876381302,2390,HTTP Request,200,OK,Thread Group 1-46,text,50,50,2390
1559876381396,2297,HTTP Request,200,OK,Thread Group 1-12,text,50,50,2297
1559876381101,2592,HTTP Request,200,OK,Thread Group 1-14,text,50,50,2592
1559876381302,2488,HTTP Request,200,OK,Thread Group 1-13,text,50,50,2488
1559876381094,2696,HTTP Request,200,OK,Thread Group 1-50,text,50,50,2696
1559876381398,2493,HTTP Request,200,OK,Thread Group 1-15,text,50,50,2493
1559876381593,2299,HTTP Request,200,OK,Thread Group 1-6,text,50,50,2299
1559876381398,2587,HTTP Request,200,OK,Thread Group 1-5,text,50,50,2587
1559876381498,2493,HTTP Request,200,OK,Thread Group 1-18,text,50,50,2493
1559876381398,2690,HTTP Request,200,OK,Thread Group 1-17,text,50,50,2690
1559876381599,2489,HTTP Request,200,OK,Thread Group 1-49,text,50,50,2489
1559876381599,2589,HTTP Request,200,OK,Thread Group 1-20,text,50,50,2588
1559876381702,2489,HTTP Request,200,OK,Thread Group 1-21,text,50,50,2489
1559876381895,2299,HTTP Request,200,OK,Thread Group 1-3,text,50,50,2299
1559876381996,2200,HTTP Request,200,OK,Thread Group 1-16,text,50,50,2200
1559876381994,2297,HTTP Request,200,OK,Thread Group 1-11,text,50,50,2297
1559876382099,2390,HTTP Request,200,OK,Thread Group 1-4,text,50,50,2390
1559876382094,2396,HTTP Request,200,OK,Thread Group 1-8,text,50,50,2396
1559876381995,2495,HTTP Request,200,OK,Thread Group 1-19,text,50,50,2495
1559876381996,2502,HTTP Request,200,OK,Thread Group 1-7,text,50,50,2502
1559876382204,2384,HTTP Request,200,OK,Thread Group 1-10,text,50,50,2384
1559876382200,2487,HTTP Request,200,OK,Thread Group 1-23,text,50,50,2487
1559876382204,2485,HTTP Request,200,OK,Thread Group 1-1,text,50,50,2485
1559876382293,2399,HTTP Request,200,OK,Thread Group 1-24,text,50,50,2399
1559876382396,2395,HTTP Request,200,OK,Thread Group 1-22,text,50,50,2395
1559876382396,2396,HTTP Request,200,OK,Thread Group 1-2,text,50,50,2396
1559876382400,2488,HTTP Request,200,OK,Thread Group 1-25,text,50,50,2488
1559876382495,2398,HTTP Request,200,OK,Thread Group 1-34,text,50,50,2398
1559876382600,2488,HTTP Request,200,OK,Thread Group 1-45,text,50,50,2488
1559876382794,2296,HTTP Request,200,OK,Thread Group 1-43,text,50,50,2296
1559876382698,2393,HTTP Request,200,OK,Thread Group 1-37,text,50,50,2393
1559876382600,2585,HTTP Request,200,OK,Thread Group 1-40,text,50,50,2585
1559876382799,2394,HTTP Request,200,OK,Thread Group 1-26,text,50,50,2394
1559876382802,2489,HTTP Request,200,OK,Thread Group 1-41,text,50,50,2489
1559876382901,2485,HTTP Request,200,OK,Thread Group 1-30,text,50,50,2485
1559876382899,2489,HTTP Request,200,OK,Thread Group 1-36,text,50,50,2489
1559876383002,2485,HTTP Request,200,OK,Thread Group 1-35,text,50,50,2485
1559876382993,2496,HTTP Request,200,OK,Thread Group 1-38,text,50,50,2496
1559876383002,2487,HTTP Request,200,OK,Thread Group 1-31,text,50,50,2487
1559876383099,2390,HTTP Request,200,OK,Thread Group 1-39,text,50,50,2390
1559876383200,2291,HTTP Request,200,OK,Thread Group 1-48,text,50,50,2291
1559876383200,2292,HTTP Request,200,OK,Thread Group 1-33,text,50,50,2292
1559876383199,2292,HTTP Request,200,OK,Thread Group 1-47,text,50,50,2292
1559876383299,2293,HTTP Request,200,OK,Thread Group 1-44,text,50,50,2292
1559876383398,2194,HTTP Request,200,OK,Thread Group 1-27,text,50,50,2194
1559876383398,2289,HTTP Request,200,OK,Thread Group 1-29,text,50,50,2289
1559876383492,2296,HTTP Request,200,OK,Thread Group 1-9,text,50,50,2296
1559876383489,2299,HTTP Request,200,OK,Thread Group 1-32,text,50,50,2299
1559876383495,2296,HTTP Request,200,OK,Thread Group 1-42,text,50,50,2296
1559876383495,2295,HTTP Request,200,OK,Thread Group 1-28,text,50,50,2295
1559876383700,2192,HTTP Request,200,OK,Thread Group 1-46,text,50,50,2192
1559876383701,2285,HTTP Request,200,OK,Thread Group 1-12,text,50,50,2285
1559876383701,2387,HTTP Request,200,OK,Thread Group 1-14,text,50,50,2387
1559876383798,2298,HTTP Request,200,OK,Thread Group 1-13,text,50,50,2297
1559876383798,2298,HTTP Request,200,OK,Thread Group 1-50,text,50,50,2298
1559876383899,2391,HTTP Request,200,OK,Thread Group 1-15,text,50,50,2391
1559876383899,2486,HTTP Request,200,OK,Thread Group 1-6,text,50,50,2486
1559876383998,2394,HTTP Request,200,OK,Thread Group 1-18,text,50,50,2394
1559876384097,2296,HTTP Request,200,OK,Thread Group 1-49,text,50,50,2296
1559876383994,2398,HTTP Request,200,OK,Thread Group 1-5,text,50,50,2398
1559876384097,2297,HTTP Request,200,OK,Thread Group 1-17,text,50,50,2297
1559876384195,2203,HTTP Request,200,OK,Thread Group 1-20,text,50,50,2203
1559876384197,2391,HTTP Request,200,OK,Thread Group 1-3,text,50,50,2391
1559876384298,2290,HTTP Request,200,OK,Thread Group 1-11,text,50,50,2290
1559876384499,2089,HTTP Request,200,OK,Thread Group 1-4,text,50,50,2089
1559876384196,2392,HTTP Request,200,OK,Thread Group 1-21,text,50,50,2392
1559876384198,2488,HTTP Request,200,OK,Thread Group 1-16,text,50,50,2488
1559876384499,2291,HTTP Request,200,OK,Thread Group 1-8,text,50,50,2291
1559876384500,2388,HTTP Request,200,OK,Thread Group 1-19,text,50,50,2388
1559876384696,2197,HTTP Request,200,OK,Thread Group 1-23,text,50,50,2196
1559876384505,2482,HTTP Request,200,OK,Thread Group 1-7,text,50,50,2482
1559876384595,2491,HTTP Request,200,OK,Thread Group 1-10,text,50,50,2491
1559876384698,2392,HTTP Request,200,OK,Thread Group 1-1,text,50,50,2391
1559876384799,2292,HTTP Request,200,OK,Thread Group 1-22,text,50,50,2292
1559876384703,2392,HTTP Request,200,OK,Thread Group 1-24,text,50,50,2392
1559876384896,2391,HTTP Request,200,OK,Thread Group 1-25,text,50,50,2391
1559876384799,2492,HTTP Request,200,OK,Thread Group 1-2,text,50,50,2492
1559876385095,2198,HTTP Request,200,OK,Thread Group 1-45,text,50,50,2198
1559876385095,2198,HTTP Request,200,OK,Thread Group 1-43,text,50,50,2198
1559876384899,2486,HTTP Request,200,OK,Thread Group 1-34,text,50,50,2486
1559876385096,2390,HTTP Request,200,OK,Thread Group 1-37,text,50,50,2390
1559876385199,2287,HTTP Request,200,OK,Thread Group 1-26,text,50,50,2287
1559876385192,2296,HTTP Request,200,OK,Thread Group 1-40,text,50,50,2296
1559876385298,2191,HTTP Request,200,OK,Thread Group 1-41,text,50,50,2191
1559876385393,2096,HTTP Request,200,OK,Thread Group 1-30,text,50,50,2096
1559876385394,2097,HTTP Request,200,OK,Thread Group 1-36,text,50,50,2097
1559876385489,2005,HTTP Request,200,OK,Thread Group 1-35,text,50,50,2005
1559876385495,2093,HTTP Request,200,OK,Thread Group 1-31,text,50,50,2093
1559876385496,2191,HTTP Request,200,OK,Thread Group 1-33,text,50,50,2191
1559876385496,2192,HTTP Request,200,OK,Thread Group 1-38,text,50,50,2192
1559876385497,2192,HTTP Request,200,OK,Thread Group 1-39,text,50,50,2191
1559876385600,2103,HTTP Request,200,OK,Thread Group 1-44,text,50,50,2102
1559876385497,2288,HTTP Request,200,OK,Thread Group 1-48,text,50,50,2288
1559876385498,2387,HTTP Request,200,OK,Thread Group 1-47,text,50,50,2387
1559876385694,2293,HTTP Request,200,OK,Thread Group 1-29,text,50,50,2292
1559876385797,2190,HTTP Request,200,OK,Thread Group 1-42,text,50,50,2190
1559876385801,2188,HTTP Request,200,OK,Thread Group 1-9,text,50,50,2188
1559876385600,2393,HTTP Request,200,OK,Thread Group 1-27,text,50,50,2393
1559876385802,2289,HTTP Request,200,OK,Thread Group 1-32,text,50,50,2289
1559876385803,2388,HTTP Request,200,OK,Thread Group 1-28,text,50,50,2388
1559876385993,2201,HTTP Request,200,OK,Thread Group 1-12,text,50,50,2201
1559876385899,2295,HTTP Request,200,OK,Thread Group 1-46,text,50,50,2295
1559876386095,2197,HTTP Request,200,OK,Thread Group 1-14,text,50,50,2197
1559876386104,2282,HTTP Request,200,OK,Thread Group 1-50,text,50,50,2282
1559876386104,2289,HTTP Request,200,OK,Thread Group 1-13,text,50,50,2288
1559876386297,2190,HTTP Request,200,OK,Thread Group 1-15,text,50,50,2190
1559876386396,2196,HTTP Request,200,OK,Thread Group 1-49,text,50,50,2196
1559876386392,2201,HTTP Request,200,OK,Thread Group 1-6,text,50,50,2200
1559876386397,2292,HTTP Request,200,OK,Thread Group 1-18,text,50,50,2292
1559876386398,2298,HTTP Request,200,OK,Thread Group 1-17,text,50,50,2298
1559876386400,2392,HTTP Request,200,OK,Thread Group 1-20,text,50,50,2392
1559876386397,2488,HTTP Request,200,OK,Thread Group 1-5,text,50,50,2488
1559876386599,2289,HTTP Request,200,OK,Thread Group 1-3,text,50,50,2289
1559876386600,2295,HTTP Request,200,OK,Thread Group 1-21,text,50,50,2294
1559876386601,2386,HTTP Request,200,OK,Thread Group 1-11,text,50,50,2386
1559876386602,2485,HTTP Request,200,OK,Thread Group 1-4,text,50,50,2485
1559876386693,2496,HTTP Request,200,OK,Thread Group 1-16,text,50,50,2496
1559876386896,2298,HTTP Request,200,OK,Thread Group 1-19,text,50,50,2298
1559876386899,2297,HTTP Request,200,OK,Thread Group 1-23,text,50,50,2297
1559876386797,2488,HTTP Request,200,OK,Thread Group 1-8,text,50,50,2488
1559876387093,2293,HTTP Request,200,OK,Thread Group 1-10,text,50,50,2292
1559876386994,2395,HTTP Request,200,OK,Thread Group 1-7,text,50,50,2395
1559876387094,2297,HTTP Request,200,OK,Thread Group 1-1,text,50,50,2297
1559876387094,2300,HTTP Request,200,OK,Thread Group 1-22,text,50,50,2300
1559876387097,2392,HTTP Request,200,OK,Thread Group 1-24,text,50,50,2392
1559876387297,2197,HTTP Request,200,OK,Thread Group 1-45,text,50,50,2197
1559876387295,2200,HTTP Request,200,OK,Thread Group 1-25,text,50,50,2200
1559876387393,2203,HTTP Request,200,OK,Thread Group 1-34,text,50,50,2203
1559876387297,2388,HTTP Request,200,OK,Thread Group 1-43,text,50,50,2388
1559876387489,2197,HTTP Request,200,OK,Thread Group 1-26,text,50,50,2197
1559876387296,2392,HTTP Request,200,OK,Thread Group 1-2,text,50,50,2392
1559876387493,2295,HTTP Request,200,OK,Thread Group 1-30,text,50,50,2295
1559876387489,2396,HTTP Request,200,OK,Thread Group 1-37,text,50,50,2396
1559876387495,2490,HTTP Request,200,OK,Thread Group 1-40,text,50,50,2490
1559876387494,2492,HTTP Request,200,OK,Thread Group 1-36,text,50,50,2491
1559876387493,2493,HTTP Request,200,OK,Thread Group 1-41,text,50,50,2493
1559876387496,2497,HTTP Request,200,OK,Thread Group 1-35,text,50,50,2497
1559876387696,2394,HTTP Request,200,OK,Thread Group 1-33,text,50,50,2393
1559876387595,2592,HTTP Request,200,OK,Thread Group 1-31,text,50,50,2592
1559876387698,2498,HTTP Request,200,OK,Thread Group 1-39,text,50,50,2498
1559876387699,2588,HTTP Request,200,OK,Thread Group 1-38,text,50,50,2588
1559876387709,2581,HTTP Request,200,OK,Thread Group 1-44,text,50,50,2581
1559876387893,2496,HTTP Request,200,OK,Thread Group 1-47,text,50,50,2496
1559876387793,2596,HTTP Request,200,OK,Thread Group 1-48,text,50,50,2596
1559876387995,2400,HTTP Request,200,OK,Thread Group 1-9,text,50,50,2400
1559876387995,2590,HTTP Request,200,OK,Thread Group 1-42,text,50,50,2590
1559876387995,2590,HTTP Request,200,OK,Thread Group 1-29,text,50,50,2590
1559876387996,2596,HTTP Request,200,OK,Thread Group 1-27,text,50,50,2595
1559876388098,2497,HTTP Request,200,OK,Thread Group 1-32,text,50,50,2497
1559876388197,2489,HTTP Request,200,OK,Thread Group 1-28,text,50,50,2489
1559876388198,2497,HTTP Request,200,OK,Thread Group 1-46,text,50,50,2497
1559876388198,2589,HTTP Request,200,OK,Thread Group 1-12,text,50,50,2589
1559876388299,2491,HTTP Request,200,OK,Thread Group 1-14,text,50,50,2491
1559876388393,2494,HTTP Request,200,OK,Thread Group 1-50,text,50,50,2494
1559876388401,2487,HTTP Request,200,OK,Thread Group 1-13,text,50,50,2486
1559876388495,2492,HTTP Request,200,OK,Thread Group 1-15,text,50,50,2492
1559876388601,2393,HTTP Request,200,OK,Thread Group 1-49,text,50,50,2393
1559876388601,2486,HTTP Request,200,OK,Thread Group 1-6,text,50,50,2486
1559876388698,2488,HTTP Request,200,OK,Thread Group 1-17,text,50,50,2488
1559876388696,2497,HTTP Request,200,OK,Thread Group 1-18,text,50,50,2497
1559876388897,2296,HTTP Request,200,OK,Thread Group 1-3,text,50,50,2296
1559876388799,2587,HTTP Request,200,OK,Thread Group 1-20,text,50,50,2587
1559876388902,2495,HTTP Request,200,OK,Thread Group 1-21,text,50,50,2495
1559876388899,2587,HTTP Request,200,OK,Thread Group 1-5,text,50,50,2586
1559876389095,2394,HTTP Request,200,OK,Thread Group 1-4,text,50,50,2393
1559876388995,2496,HTTP Request,200,OK,Thread Group 1-11,text,50,50,2496
1559876389196,2392,HTTP Request,200,OK,Thread Group 1-16,text,50,50,2392
1559876389197,2393,HTTP Request,200,OK,Thread Group 1-19,text,50,50,2392
1559876389198,2392,HTTP Request,200,OK,Thread Group 1-23,text,50,50,2392
1559876389293,2297,HTTP Request,200,OK,Thread Group 1-8,text,50,50,2297
1559876389396,2298,HTTP Request,200,OK,Thread Group 1-22,text,50,50,2298
1559876389396,2298,HTTP Request,200,OK,Thread Group 1-10,text,50,50,2298
1559876389396,2391,HTTP Request,200,OK,Thread Group 1-7,text,50,50,2391
1559876389397,2396,HTTP Request,200,OK,Thread Group 1-1,text,50,50,2395
1559876389497,2391,HTTP Request,200,OK,Thread Group 1-45,text,50,50,2390
1559876389496,2489,HTTP Request,200,OK,Thread Group 1-24,text,50,50,2489
1559876389497,2497,HTTP Request,200,OK,Thread Group 1-25,text,50,50,2497
1559876389603,2391,HTTP Request,200,OK,Thread Group 1-34,text,50,50,2391
1559876389692,2497,HTTP Request,200,OK,Thread Group 1-43,text,50,50,2496
1559876389693,2594,HTTP Request,200,OK,Thread Group 1-2,text,50,50,2594
1559876389692,2596,HTTP Request,200,OK,Thread Group 1-26,text,50,50,2596
1559876389893,2399,HTTP Request,200,OK,Thread Group 1-37,text,50,50,2399
1559876389795,2497,HTTP Request,200,OK,Thread Group 1-30,text,50,50,2497
1559876389997,2389,HTTP Request,200,OK,Thread Group 1-40,text,50,50,2389
1559876389995,2391,HTTP Request,200,OK,Thread Group 1-36,text,50,50,2391
1559876389998,2393,HTTP Request,200,OK,Thread Group 1-41,text,50,50,2393
1559876389998,2490,HTTP Request,200,OK,Thread Group 1-35,text,50,50,2490
1559876390097,2489,HTTP Request,200,OK,Thread Group 1-33,text,50,50,2488
1559876390195,2395,HTTP Request,200,OK,Thread Group 1-31,text,50,50,2395
1559876390203,2390,HTTP Request,200,OK,Thread Group 1-39,text,50,50,2390
1559876390295,2299,HTTP Request,200,OK,Thread Group 1-38,text,50,50,2299
1559876390300,2296,HTTP Request,200,OK,Thread Group 1-44,text,50,50,2296
1559876390398,2292,HTTP Request,200,OK,Thread Group 1-47,text,50,50,2292
1559876390399,2491,HTTP Request,200,OK,Thread Group 1-48,text,50,50,2491
1559876390403,2489,HTTP Request,200,OK,Thread Group 1-9,text,50,50,2489
1559876390596,2391,HTTP Request,200,OK,Thread Group 1-27,text,50,50,2391
1559876390594,2395,HTTP Request,200,OK,Thread Group 1-29,text,50,50,2394
1559876390596,2393,HTTP Request,200,OK,Thread Group 1-42,text,50,50,2392
1559876390597,2392,HTTP Request,200,OK,Thread Group 1-32,text,50,50,2392
1559876390693,2403,HTTP Request,200,OK,Thread Group 1-28,text,50,50,2403
1559876390799,2387,HTTP Request,200,OK,Thread Group 1-14,text,50,50,2386
1559876390702,2486,HTTP Request,200,OK,Thread Group 1-46,text,50,50,2486
1559876390898,2389,HTTP Request,200,OK,Thread Group 1-13,text,50,50,2389
1559876390896,2493,HTTP Request,200,OK,Thread Group 1-50,text,50,50,2493
1559876390994,2491,HTTP Request,200,OK,Thread Group 1-15,text,50,50,2491
1559876390797,2693,HTTP Request,200,OK,Thread Group 1-12,text,50,50,2692
1559876390996,2494,HTTP Request,200,OK,Thread Group 1-49,text,50,50,2494
1559876391095,2396,HTTP Request,200,OK,Thread Group 1-6,text,50,50,2396
1559876391193,2400,HTTP Request,200,OK,Thread Group 1-17,text,50,50,2400
1559876391195,2399,HTTP Request,200,OK,Thread Group 1-18,text,50,50,2399
1559876391195,2497,HTTP Request,200,OK,Thread Group 1-3,text,50,50,2496
1559876391393,2394,HTTP Request,200,OK,Thread Group 1-20,text,50,50,2394
1559876391499,2292,HTTP Request,200,OK,Thread Group 1-11,text,50,50,2292
1559876391404,2387,HTTP Request,200,OK,Thread Group 1-21,text,50,50,2387
1559876391506,2387,HTTP Request,200,OK,Thread Group 1-4,text,50,50,2387
1559876391506,2387,HTTP Request,200,OK,Thread Group 1-5,text,50,50,2387
1559876391604,2384,HTTP Request,200,OK,Thread Group 1-19,text,50,50,2384
1559876391602,2386,HTTP Request,200,OK,Thread Group 1-16,text,50,50,2386
1559876391604,2485,HTTP Request,200,OK,Thread Group 1-23,text,50,50,2485
1559876391603,2490,HTTP Request,200,OK,Thread Group 1-8,text,50,50,2490
1559876391703,2483,HTTP Request,200,OK,Thread Group 1-10,text,50,50,2483
1559876391795,2493,HTTP Request,200,OK,Thread Group 1-7,text,50,50,2493
1559876391703,2585,HTTP Request,200,OK,Thread Group 1-22,text,50,50,2585
1559876391800,2588,HTTP Request,200,OK,Thread Group 1-1,text,50,50,2588
1559876391896,2496,HTTP Request,200,OK,Thread Group 1-45,text,50,50,2496
1559876391993,2492,HTTP Request,200,OK,Thread Group 1-24,text,50,50,2492
1559876392003,2485,HTTP Request,200,OK,Thread Group 1-25,text,50,50,2485
1559876392003,2685,HTTP Request,200,OK,Thread Group 1-34,text,50,50,2685
1559876392196,2492,HTTP Request,200,OK,Thread Group 1-43,text,50,50,2492
1559876392295,2492,HTTP Request,200,OK,Thread Group 1-30,text,50,50,2492
1559876392296,2589,HTTP Request,200,OK,Thread Group 1-26,text,50,50,2589
1559876392297,2595,HTTP Request,200,OK,Thread Group 1-37,text,50,50,2594
1559876392296,2596,HTTP Request,200,OK,Thread Group 1-2,text,50,50,2595
1559876392396,2497,HTTP Request,200,OK,Thread Group 1-36,text,50,50,2496
1559876392396,2692,HTTP Request,200,OK,Thread Group 1-40,text,50,50,2692
1559876392399,2693,HTTP Request,200,OK,Thread Group 1-41,text,50,50,2693
1559876392497,2688,HTTP Request,200,OK,Thread Group 1-35,text,50,50,2688
1559876392593,2695,HTTP Request,200,OK,Thread Group 1-33,text,50,50,2695
1559876392597,2693,HTTP Request,200,OK,Thread Group 1-38,text,50,50,2693
1559876392595,2697,HTTP Request,200,OK,Thread Group 1-31,text,50,50,2697
1559876392597,2794,HTTP Request,200,OK,Thread Group 1-39,text,50,50,2794
1559876392697,2696,HTTP Request,200,OK,Thread Group 1-47,text,50,50,2695
1559876392598,2799,HTTP Request,200,OK,Thread Group 1-44,text,50,50,2799
1559876392999,2589,HTTP Request,200,OK,Thread Group 1-27,text,50,50,2588
1559876392896,2693,HTTP Request,200,OK,Thread Group 1-48,text,50,50,2693
1559876392897,2691,HTTP Request,200,OK,Thread Group 1-9,text,50,50,2691
1559876393000,2691,HTTP Request,200,OK,Thread Group 1-42,text,50,50,2690
1559876393004,2691,HTTP Request,200,OK,Thread Group 1-32,text,50,50,2691
1559876393003,2784,HTTP Request,200,OK,Thread Group 1-29,text,50,50,2784
1559876393103,2688,HTTP Request,200,OK,Thread Group 1-28,text,50,50,2688
1559876393194,2699,HTTP Request,200,OK,Thread Group 1-46,text,50,50,2699
1559876393295,2599,HTTP Request,200,OK,Thread Group 1-13,text,50,50,2599
1559876393193,2795,HTTP Request,200,OK,Thread Group 1-14,text,50,50,2795
1559876393397,2691,HTTP Request,200,OK,Thread Group 1-50,text,50,50,2691
1559876393502,2589,HTTP Request,200,OK,Thread Group 1-49,text,50,50,2589
1559876393494,2697,HTTP Request,200,OK,Thread Group 1-15,text,50,50,2696
1559876393502,2689,HTTP Request,200,OK,Thread Group 1-12,text,50,50,2689
1559876393503,2689,HTTP Request,200,OK,Thread Group 1-6,text,50,50,2689
1559876393602,2691,HTTP Request,200,OK,Thread Group 1-18,text,50,50,2691
1559876393601,2692,HTTP Request,200,OK,Thread Group 1-17,text,50,50,2691
1559876393699,2689,HTTP Request,200,OK,Thread Group 1-3,text,50,50,2689
1559876393796,2791,HTTP Request,200,OK,Thread Group 1-20,text,50,50,2791
1559876393902,2690,HTTP Request,200,OK,Thread Group 1-5,text,50,50,2690
1559876393800,2885,HTTP Request,200,OK,Thread Group 1-21,text,50,50,2885
1559876393902,2791,HTTP Request,200,OK,Thread Group 1-4,text,50,50,2791
1559876393998,2695,HTTP Request,200,OK,Thread Group 1-19,text,50,50,2695
1559876393800,2893,HTTP Request,200,OK,Thread Group 1-11,text,50,50,2893
1559876393998,2696,HTTP Request,200,OK,Thread Group 1-16,text,50,50,2696
1559876394097,2693,HTTP Request,200,OK,Thread Group 1-23,text,50,50,2693
1559876394101,2690,HTTP Request,200,OK,Thread Group 1-8,text,50,50,2690
1559876394193,2699,HTTP Request,200,OK,Thread Group 1-10,text,50,50,2699
1559876394297,2688,HTTP Request,200,OK,Thread Group 1-7,text,50,50,2688
1559876394297,2688,HTTP Request,200,OK,Thread Group 1-22,text,50,50,2688
1559876394396,2595,HTTP Request,200,OK,Thread Group 1-1,text,50,50,2595
1559876394400,2689,HTTP Request,200,OK,Thread Group 1-45,text,50,50,2689
1559876394496,2595,HTTP Request,200,OK,Thread Group 1-25,text,50,50,2595
1559876394494,2700,HTTP Request,200,OK,Thread Group 1-24,text,50,50,2700
1559876394696,2592,HTTP Request,200,OK,Thread Group 1-34,text,50,50,2592
1559876394696,2689,HTTP Request,200,OK,Thread Group 1-43,text,50,50,2689
1559876394893,2496,HTTP Request,200,OK,Thread Group 1-26,text,50,50,2496
1559876394795,2594,HTTP Request,200,OK,Thread Group 1-30,text,50,50,2594
1559876394902,2490,HTTP Request,200,OK,Thread Group 1-37,text,50,50,2490
1559876394903,2492,HTTP Request,200,OK,Thread Group 1-36,text,50,50,2492
1559876394903,2492,HTTP Request,200,OK,Thread Group 1-2,text,50,50,2492
1559876395097,2300,HTTP Request,200,OK,Thread Group 1-41,text,50,50,2300
1559876395096,2393,HTTP Request,200,OK,Thread Group 1-40,text,50,50,2393
1559876395192,2303,HTTP Request,200,OK,Thread Group 1-35,text,50,50,2303
1559876395296,2293,HTTP Request,200,OK,Thread Group 1-33,text,50,50,2293
1559876395301,2389,HTTP Request,200,OK,Thread Group 1-31,text,50,50,2389
1559876395300,2485,HTTP Request,200,OK,Thread Group 1-38,text,50,50,2485
1559876395400,2391,HTTP Request,200,OK,Thread Group 1-39,text,50,50,2391
1559876395405,2387,HTTP Request,200,OK,Thread Group 1-44,text,50,50,2387
1559876395598,2195,HTTP Request,200,OK,Thread Group 1-27,text,50,50,2195
1559876395401,2486,HTTP Request,200,OK,Thread Group 1-47,text,50,50,2486
1559876395599,2389,HTTP Request,200,OK,Thread Group 1-48,text,50,50,2389
1559876395702,2293,HTTP Request,200,OK,Thread Group 1-32,text,50,50,2293
1559876395599,2587,HTTP Request,200,OK,Thread Group 1-9,text,50,50,2586
1559876395796,2400,HTTP Request,200,OK,Thread Group 1-29,text,50,50,2400
1559876395701,2589,HTTP Request,200,OK,Thread Group 1-42,text,50,50,2589
1559876395901,2392,HTTP Request,200,OK,Thread Group 1-46,text,50,50,2392
1559876395799,2497,HTTP Request,200,OK,Thread Group 1-28,text,50,50,2496
1559876395901,2395,HTTP Request,200,OK,Thread Group 1-13,text,50,50,2395
1559876395996,2489,HTTP Request,200,OK,Thread Group 1-14,text,50,50,2489
1559876396097,2389,HTTP Request,200,OK,Thread Group 1-50,text,50,50,2388
1559876396100,2386,HTTP Request,200,OK,Thread Group 1-49,text,50,50,2386
1559876396201,2388,HTTP Request,200,OK,Thread Group 1-12,text,50,50,2388
1559876396201,2390,HTTP Request,200,OK,Thread Group 1-15,text,50,50,2390
1559876396202,2588,HTTP Request,200,OK,Thread Group 1-6,text,50,50,2588
1559876396302,2488,HTTP Request,200,OK,Thread Group 1-17,text,50,50,2488
1559876396302,2490,HTTP Request,200,OK,Thread Group 1-18,text,50,50,2490
1559876396596,2290,HTTP Request,200,OK,Thread Group 1-20,text,50,50,2290
1559876396600,2290,HTTP Request,200,OK,Thread Group 1-5,text,50,50,2290
1559876396693,2298,HTTP Request,200,OK,Thread Group 1-21,text,50,50,2298
1559876396697,2390,HTTP Request,200,OK,Thread Group 1-4,text,50,50,2390
1559876396696,2392,HTTP Request,200,OK,Thread Group 1-11,text,50,50,2392
1559876396801,2388,HTTP Request,200,OK,Thread Group 1-8,text,50,50,2388
1559876396697,2494,HTTP Request,200,OK,Thread Group 1-19,text,50,50,2493
1559876396899,2488,HTTP Request,200,OK,Thread Group 1-10,text,50,50,2488
1559876396396,2992,HTTP Request,200,OK,Thread Group 1-3,text,50,50,2992
1559876396994,2394,HTTP Request,200,OK,Thread Group 1-7,text,50,50,2394
1559876396799,2589,HTTP Request,200,OK,Thread Group 1-23,text,50,50,2589
1559876397099,2291,HTTP Request,200,OK,Thread Group 1-45,text,50,50,2291
1559876396698,2793,HTTP Request,200,OK,Thread Group 1-16,text,50,50,2793
1559876396994,2594,HTTP Request,200,OK,Thread Group 1-22,text,50,50,2594
1559876396997,2592,HTTP Request,200,OK,Thread Group 1-1,text,50,50,2592
1559876397100,2489,HTTP Request,200,OK,Thread Group 1-25,text,50,50,2488
1559876397201,2388,HTTP Request,200,OK,Thread Group 1-24,text,50,50,2388
1559876397393,2206,HTTP Request,200,OK,Thread Group 1-43,text,50,50,2206
1559876397296,2396,HTTP Request,200,OK,Thread Group 1-34,text,50,50,2396
1559876397396,2391,HTTP Request,200,OK,Thread Group 1-30,text,50,50,2391
1559876397398,2488,HTTP Request,200,OK,Thread Group 1-2,text,50,50,2487
1559876397394,2492,HTTP Request,200,OK,Thread Group 1-26,text,50,50,2491
1559876397399,2487,HTTP Request,200,OK,Thread Group 1-37,text,50,50,2487
1559876397399,2494,HTTP Request,200,OK,Thread Group 1-36,text,50,50,2493
1559876397497,2497,HTTP Request,200,OK,Thread Group 1-40,text,50,50,2497
1559876397400,2686,HTTP Request,200,OK,Thread Group 1-41,text,50,50,2686
1559876397596,2492,HTTP Request,200,OK,Thread Group 1-33,text,50,50,2492
1559876397502,2586,HTTP Request,200,OK,Thread Group 1-35,text,50,50,2586
1559876397791,2396,HTTP Request,200,OK,Thread Group 1-38,text,50,50,2396
1559876397698,2494,HTTP Request,200,OK,Thread Group 1-31,text,50,50,2493
1559876397794,2497,HTTP Request,200,OK,Thread Group 1-39,text,50,50,2497
1559876397894,2499,HTTP Request,200,OK,Thread Group 1-47,text,50,50,2499
1559876397795,2690,HTTP Request,200,OK,Thread Group 1-27,text,50,50,2690
1559876397794,2695,HTTP Request,200,OK,Thread Group 1-44,text,50,50,2694
1559876397996,2493,HTTP Request,200,OK,Thread Group 1-48,text,50,50,2493
1559876398002,2493,HTTP Request,200,OK,Thread Group 1-32,text,50,50,2493
1559876398192,2400,HTTP Request,200,OK,Thread Group 1-9,text,50,50,2400
1559876398302,2390,HTTP Request,200,OK,Thread Group 1-46,text,50,50,2390
1559876398298,2491,HTTP Request,200,OK,Thread Group 1-42,text,50,50,2491
1559876398305,2484,HTTP Request,200,OK,Thread Group 1-28,text,50,50,2484
1559876398198,2592,HTTP Request,200,OK,Thread Group 1-29,text,50,50,2592
1559876398502,2485,HTTP Request,200,OK,Thread Group 1-49,text,50,50,2485
1559876398306,2682,HTTP Request,200,OK,Thread Group 1-13,text,50,50,2681
1559876398495,2495,HTTP Request,200,OK,Thread Group 1-14,text,50,50,2494
1559876398598,2395,HTTP Request,200,OK,Thread Group 1-12,text,50,50,2395
1559876398502,2589,HTTP Request,200,OK,Thread Group 1-50,text,50,50,2588
1559876398600,2491,HTTP Request,200,OK,Thread Group 1-15,text,50,50,2491
1559876398798,2296,HTTP Request,200,OK,Thread Group 1-6,text,50,50,2296
1559876398803,2390,HTTP Request,200,OK,Thread Group 1-17,text,50,50,2390
1559876398894,2493,HTTP Request,200,OK,Thread Group 1-20,text,50,50,2493
1559876398898,2491,HTTP Request,200,OK,Thread Group 1-5,text,50,50,2491
1559876398804,2586,HTTP Request,200,OK,Thread Group 1-18,text,50,50,2586
1559876398998,2394,HTTP Request,200,OK,Thread Group 1-21,text,50,50,2394
1559876399098,2398,HTTP Request,200,OK,Thread Group 1-4,text,50,50,2398
1559876399199,2387,HTTP Request,200,OK,Thread Group 1-19,text,50,50,2387
1559876399198,2388,HTTP Request,200,OK,Thread Group 1-8,text,50,50,2388
1559876399098,2488,HTTP Request,200,OK,Thread Group 1-11,text,50,50,2487
1559876399391,2198,HTTP Request,200,OK,Thread Group 1-3,text,50,50,2198
1559876399393,2296,HTTP Request,200,OK,Thread Group 1-7,text,50,50,2296
1559876399393,2392,HTTP Request,200,OK,Thread Group 1-10,text,50,50,2392
1559876399393,2395,HTTP Request,200,OK,Thread Group 1-45,text,50,50,2395
1559876399393,2400,HTTP Request,200,OK,Thread Group 1-23,text,50,50,2400
1559876399498,2390,HTTP Request,200,OK,Thread Group 1-16,text,50,50,2389
1559876399602,2289,HTTP Request,200,OK,Thread Group 1-25,text,50,50,2288
1559876399607,2482,HTTP Request,200,OK,Thread Group 1-24,text,50,50,2482
1559876399607,2488,HTTP Request,200,OK,Thread Group 1-1,text,50,50,2488
1559876399606,2490,HTTP Request,200,OK,Thread Group 1-22,text,50,50,2489
1559876399700,2492,HTTP Request,200,OK,Thread Group 1-34,text,50,50,2492
1559876399895,2396,HTTP Request,200,OK,Thread Group 1-37,text,50,50,2396
1559876399897,2400,HTTP Request,200,OK,Thread Group 1-36,text,50,50,2400
1559876399609,2778,HTTP Request,200,OK,Thread Group 1-43,text,50,50,2778
1559876399795,2593,HTTP Request,200,OK,Thread Group 1-30,text,50,50,2593
1559876399897,2495,HTTP Request,200,OK,Thread Group 1-2,text,50,50,2495
1559876399897,2592,HTTP Request,200,OK,Thread Group 1-26,text,50,50,2592
1559876400099,2591,HTTP Request,200,OK,Thread Group 1-41,text,50,50,2591
1559876400002,2688,HTTP Request,200,OK,Thread Group 1-40,text,50,50,2688
1559876400196,2498,HTTP Request,200,OK,Thread Group 1-38,text,50,50,2498
1559876400101,2684,HTTP Request,200,OK,Thread Group 1-35,text,50,50,2684
1559876400199,2589,HTTP Request,200,OK,Thread Group 1-31,text,50,50,2589
1559876400099,2690,HTTP Request,200,OK,Thread Group 1-33,text,50,50,2689
1559876400299,2591,HTTP Request,200,OK,Thread Group 1-39,text,50,50,2591
1559876400401,2489,HTTP Request,200,OK,Thread Group 1-47,text,50,50,2489
1559876400500,2390,HTTP Request,200,OK,Thread Group 1-48,text,50,50,2390
1559876400500,2489,HTTP Request,200,OK,Thread Group 1-27,text,50,50,2489
1559876400503,2582,HTTP Request,200,OK,Thread Group 1-44,text,50,50,2582
1559876400599,2492,HTTP Request,200,OK,Thread Group 1-9,text,50,50,2491
1559876400505,2685,HTTP Request,200,OK,Thread Group 1-32,text,50,50,2685
1559876400700,2586,HTTP Request,200,OK,Thread Group 1-46,text,50,50,2586
1559876400800,2488,HTTP Request,200,OK,Thread Group 1-28,text,50,50,2487
1559876400801,2491,HTTP Request,200,OK,Thread Group 1-29,text,50,50,2491
1559876400800,2590,HTTP Request,200,OK,Thread Group 1-42,text,50,50,2590
1559876400996,2495,HTTP Request,200,OK,Thread Group 1-13,text,50,50,2495
1559876400995,2499,HTTP Request,200,OK,Thread Group 1-12,text,50,50,2499
1559876401101,2485,HTTP Request,200,OK,Thread Group 1-50,text,50,50,2485
1559876401101,2488,HTTP Request,200,OK,Thread Group 1-15,text,50,50,2488
1559876400996,2593,HTTP Request,200,OK,Thread Group 1-49,text,50,50,2593
1559876401103,2587,HTTP Request,200,OK,Thread Group 1-6,text,50,50,2587
1559876400996,2694,HTTP Request,200,OK,Thread Group 1-14,text,50,50,2694
1559876401201,2493,HTTP Request,200,OK,Thread Group 1-17,text,50,50,2493
1559876401393,2398,HTTP Request,200,OK,Thread Group 1-5,text,50,50,2398
1559876401396,2497,HTTP Request,200,OK,Thread Group 1-20,text,50,50,2496
1559876401395,2590,HTTP Request,200,OK,Thread Group 1-21,text,50,50,2590
1559876401396,2594,HTTP Request,200,OK,Thread Group 1-18,text,50,50,2594
1559876401504,2582,HTTP Request,200,OK,Thread Group 1-4,text,50,50,2582
1559876401601,2587,HTTP Request,200,OK,Thread Group 1-11,text,50,50,2587
1559876401601,2594,HTTP Request,200,OK,Thread Group 1-19,text,50,50,2594
1559876401593,2603,HTTP Request,200,OK,Thread Group 1-8,text,50,50,2603
1559876401601,2688,HTTP Request,200,OK,Thread Group 1-3,text,50,50,2688
1559876401794,2495,HTTP Request,200,OK,Thread Group 1-10,text,50,50,2495
1559876401697,2593,HTTP Request,200,OK,Thread Group 1-7,text,50,50,2593
1559876401798,2600,HTTP Request,200,OK,Thread Group 1-45,text,50,50,2600
1559876401802,2689,HTTP Request,200,OK,Thread Group 1-23,text,50,50,2688
1559876401896,2689,HTTP Request,200,OK,Thread Group 1-16,text,50,50,2689
1559876401899,2686,HTTP Request,200,OK,Thread Group 1-25,text,50,50,2686
1559876402097,2490,HTTP Request,200,OK,Thread Group 1-24,text,50,50,2490
1559876402105,2490,HTTP Request,200,OK,Thread Group 1-22,text,50,50,2490
1559876402105,2582,HTTP Request,200,OK,Thread Group 1-1,text,50,50,2582
1559876402200,2491,HTTP Request,200,OK,Thread Group 1-34,text,50,50,2491
1559876402299,2490,HTTP Request,200,OK,Thread Group 1-37,text,50,50,2490
1559876402399,2494,HTTP Request,200,OK,Thread Group 1-43,text,50,50,2494
1559876402398,2496,HTTP Request,200,OK,Thread Group 1-30,text,50,50,2496
1559876402304,2686,HTTP Request,200,OK,Thread Group 1-36,text,50,50,2686
1559876402497,2493,HTTP Request,200,OK,Thread Group 1-26,text,50,50,2493
1559876402701,2386,HTTP Request,200,OK,Thread Group 1-40,text,50,50,2386
1559876402701,2488,HTTP Request,200,OK,Thread Group 1-41,text,50,50,2488
1559876402402,2792,HTTP Request,200,OK,Thread Group 1-2,text,50,50,2792
1559876402800,2489,HTTP Request,200,OK,Thread Group 1-33,text,50,50,2489
1559876402797,2495,HTTP Request,200,OK,Thread Group 1-35,text,50,50,2495
1559876402702,2590,HTTP Request,200,OK,Thread Group 1-38,text,50,50,2590
1559876402800,2587,HTTP Request,200,OK,Thread Group 1-31,text,50,50,2587
1559876402902,2489,HTTP Request,200,OK,Thread Group 1-39,text,50,50,2489
1559876402902,2491,HTTP Request,200,OK,Thread Group 1-47,text,50,50,2491
1559876402903,2586,HTTP Request,200,OK,Thread Group 1-48,text,50,50,2586
1559876402997,2596,HTTP Request,200,OK,Thread Group 1-27,text,50,50,2596
1559876403094,2499,HTTP Request,200,OK,Thread Group 1-44,text,50,50,2499
1559876403099,2497,HTTP Request,200,OK,Thread Group 1-9,text,50,50,2497
1559876403198,2491,HTTP Request,200,OK,Thread Group 1-32,text,50,50,2491
1559876403297,2491,HTTP Request,200,OK,Thread Group 1-46,text,50,50,2491
1559876403301,2488,HTTP Request,200,OK,Thread Group 1-29,text,50,50,2488
1559876403300,2587,HTTP Request,200,OK,Thread Group 1-28,text,50,50,2587
1559876403397,2492,HTTP Request,200,OK,Thread Group 1-42,text,50,50,2492
1559876403499,2490,HTTP Request,200,OK,Thread Group 1-13,text,50,50,2490
1559876403502,2488,HTTP Request,200,OK,Thread Group 1-12,text,50,50,2488
1559876403596,2495,HTTP Request,200,OK,Thread Group 1-50,text,50,50,2495
1559876403599,2493,HTTP Request,200,OK,Thread Group 1-15,text,50,50,2492
1559876403600,2589,HTTP Request,200,OK,Thread Group 1-49,text,50,50,2589
1559876403702,2489,HTTP Request,200,OK,Thread Group 1-6,text,50,50,2489
1559876403702,2587,HTTP Request,200,OK,Thread Group 1-14,text,50,50,2587
1559876403703,2588,HTTP Request,200,OK,Thread Group 1-17,text,50,50,2588
1559876403799,2594,HTTP Request,200,OK,Thread Group 1-5,text,50,50,2594
1559876403900,2586,HTTP Request,200,OK,Thread Group 1-20,text,50,50,2586
1559876403995,2495,HTTP Request,200,OK,Thread Group 1-21,text,50,50,2494
1559876403998,2590,HTTP Request,200,OK,Thread Group 1-18,text,50,50,2590
1559876404095,2495,HTTP Request,200,OK,Thread Group 1-4,text,50,50,2493
1559876404195,2497,HTTP Request,200,OK,Thread Group 1-11,text,50,50,2496
1559876404198,2591,HTTP Request,200,OK,Thread Group 1-19,text,50,50,2591
1559876404198,2594,HTTP Request,200,OK,Thread Group 1-8,text,50,50,2594
1559876404301,2588,HTTP Request,200,OK,Thread Group 1-7,text,50,50,2588
1559876404301,2588,HTTP Request,200,OK,Thread Group 1-3,text,50,50,2588
1559876404302,2589,HTTP Request,200,OK,Thread Group 1-10,text,50,50,2589
1559876404406,2586,HTTP Request,200,OK,Thread Group 1-45,text,50,50,2586
1559876404499,2493,HTTP Request,200,OK,Thread Group 1-23,text,50,50,2493
1559876404595,2493,HTTP Request,200,OK,Thread Group 1-16,text,50,50,2493
1559876404604,2588,HTTP Request,200,OK,Thread Group 1-24,text,50,50,2588
1559876404604,2684,HTTP Request,200,OK,Thread Group 1-25,text,50,50,2683
1559876404605,2686,HTTP Request,200,OK,Thread Group 1-22,text,50,50,2686
1559876404696,2595,HTTP Request,200,OK,Thread Group 1-1,text,50,50,2595
1559876404699,2601,HTTP Request,200,OK,Thread Group 1-34,text,50,50,2601
1559876404797,2591,HTTP Request,200,OK,Thread Group 1-37,text,50,50,2591
1559876404903,2488,HTTP Request,200,OK,Thread Group 1-30,text,50,50,2488
1559876404903,2588,HTTP Request,200,OK,Thread Group 1-43,text,50,50,2588
1559876405000,2585,HTTP Request,200,OK,Thread Group 1-36,text,50,50,2585
1559876405095,2494,HTTP Request,200,OK,Thread Group 1-40,text,50,50,2494
1559876405000,2588,HTTP Request,200,OK,Thread Group 1-26,text,50,50,2588
1559876405202,2389,HTTP Request,200,OK,Thread Group 1-2,text,50,50,2389
1559876405197,2394,HTTP Request,200,OK,Thread Group 1-41,text,50,50,2394
1559876405301,2292,HTTP Request,200,OK,Thread Group 1-33,text,50,50,2292
1559876405303,2291,HTTP Request,200,OK,Thread Group 1-35,text,50,50,2291
1559876405305,2384,HTTP Request,200,OK,Thread Group 1-38,text,50,50,2384
1559876405400,2292,HTTP Request,200,OK,Thread Group 1-31,text,50,50,2291
1559876405402,2486,HTTP Request,200,OK,Thread Group 1-39,text,50,50,2486
1559876405404,2487,HTTP Request,200,OK,Thread Group 1-47,text,50,50,2487
1559876405497,2493,HTTP Request,200,OK,Thread Group 1-48,text,50,50,2493
1559876405604,2390,HTTP Request,200,OK,Thread Group 1-44,text,50,50,2390
1559876405604,2481,HTTP Request,200,OK,Thread Group 1-27,text,50,50,2481
1559876405606,2482,HTTP Request,200,OK,Thread Group 1-9,text,50,50,2482
1559876405697,2397,HTTP Request,200,OK,Thread Group 1-32,text,50,50,2396
1559876405799,2388,HTTP Request,200,OK,Thread Group 1-29,text,50,50,2388
1559876405799,2390,HTTP Request,200,OK,Thread Group 1-46,text,50,50,2390
1559876405896,2394,HTTP Request,200,OK,Thread Group 1-28,text,50,50,2394
1559876405998,2390,HTTP Request,200,OK,Thread Group 1-13,text,50,50,2390
1559876405898,2497,HTTP Request,200,OK,Thread Group 1-42,text,50,50,2497
1559876405999,2486,HTTP Request,200,OK,Thread Group 1-12,text,50,50,2486
1559876406102,2385,HTTP Request,200,OK,Thread Group 1-15,text,50,50,2385
1559876406102,2389,HTTP Request,200,OK,Thread Group 1-50,text,50,50,2389
1559876406200,2485,HTTP Request,200,OK,Thread Group 1-6,text,50,50,2485
1559876406199,2490,HTTP Request,200,OK,Thread Group 1-49,text,50,50,2490
1559876406298,2392,HTTP Request,200,OK,Thread Group 1-14,text,50,50,2392
1559876406493,2205,HTTP Request,200,OK,Thread Group 1-20,text,50,50,2205
1559876406300,2585,HTTP Request,200,OK,Thread Group 1-17,text,50,50,2585
1559876406494,2396,HTTP Request,200,OK,Thread Group 1-21,text,50,50,2396
1559876406401,2490,HTTP Request,200,OK,Thread Group 1-5,text,50,50,2490
1559876406596,2297,HTTP Request,200,OK,Thread Group 1-18,text,50,50,2297
1559876406596,2491,HTTP Request,200,OK,Thread Group 1-4,text,50,50,2491
1559876406801,2294,HTTP Request,200,OK,Thread Group 1-8,text,50,50,2294
1559876406799,2389,HTTP Request,200,OK,Thread Group 1-19,text,50,50,2389
1559876406699,2490,HTTP Request,200,OK,Thread Group 1-11,text,50,50,2490
1559876406899,2293,HTTP Request,200,OK,Thread Group 1-3,text,50,50,2293
1559876406904,2386,HTTP Request,200,OK,Thread Group 1-7,text,50,50,2386
1559876406906,2385,HTTP Request,200,OK,Thread Group 1-10,text,50,50,2385
1559876407003,2385,HTTP Request,200,OK,Thread Group 1-45,text,50,50,2385
1559876407201,2189,HTTP Request,200,OK,Thread Group 1-24,text,50,50,2189
1559876407003,2387,HTTP Request,200,OK,Thread Group 1-23,text,50,50,2387
1559876407096,2292,HTTP Request,200,OK,Thread Group 1-16,text,50,50,2292
1559876407295,2097,HTTP Request,200,OK,Thread Group 1-25,text,50,50,2097
1559876407296,2100,HTTP Request,200,OK,Thread Group 1-1,text,50,50,2099
1559876407297,2188,HTTP Request,200,OK,Thread Group 1-22,text,50,50,2188
1559876407303,2185,HTTP Request,200,OK,Thread Group 1-34,text,50,50,2185
1559876407396,2190,HTTP Request,200,OK,Thread Group 1-37,text,50,50,2189
1559876407499,2095,HTTP Request,200,OK,Thread Group 1-43,text,50,50,2095
1559876407587,2104,HTTP Request,200,OK,Thread Group 1-36,text,50,50,2104
1559876407591,2194,HTTP Request,200,OK,Thread Group 1-26,text,50,50,2194
1559876407597,2192,HTTP Request,200,OK,Thread Group 1-33,text,50,50,2192
1559876407397,2394,HTTP Request,200,OK,Thread Group 1-30,text,50,50,2394
1559876407598,2293,HTTP Request,200,OK,Thread Group 1-2,text,50,50,2293
1559876407598,2294,HTTP Request,200,OK,Thread Group 1-41,text,50,50,2294
1559876407598,2387,HTTP Request,200,OK,Thread Group 1-40,text,50,50,2387
1559876407599,2488,HTTP Request,200,OK,Thread Group 1-35,text,50,50,2488
1559876407698,2394,HTTP Request,200,OK,Thread Group 1-38,text,50,50,2394
1559876407700,2393,HTTP Request,200,OK,Thread Group 1-31,text,50,50,2393
1559876407897,2291,HTTP Request,200,OK,Thread Group 1-39,text,50,50,2291
1559876407899,2391,HTTP Request,200,OK,Thread Group 1-47,text,50,50,2391
1559876408002,2290,HTTP Request,200,OK,Thread Group 1-44,text,50,50,2290
1559876408097,2196,HTTP Request,200,OK,Thread Group 1-9,text,50,50,2196
1559876407998,2294,HTTP Request,200,OK,Thread Group 1-48,text,50,50,2294
1559876408102,2192,HTTP Request,200,OK,Thread Group 1-32,text,50,50,2192
1559876408105,2283,HTTP Request,200,OK,Thread Group 1-27,text,50,50,2283
1559876408198,2192,HTTP Request,200,OK,Thread Group 1-29,text,50,50,2192
1559876408199,2193,HTTP Request,200,OK,Thread Group 1-46,text,50,50,2193
1559876408396,1996,HTTP Request,200,OK,Thread Group 1-13,text,50,50,1996
1559876408299,2287,HTTP Request,200,OK,Thread Group 1-28,text,50,50,2286
1559876408496,2090,HTTP Request,200,OK,Thread Group 1-50,text,50,50,2089
1559876408495,2091,HTTP Request,200,OK,Thread Group 1-12,text,50,50,2091
1559876408495,2096,HTTP Request,200,OK,Thread Group 1-15,text,50,50,2096
1559876408693,1993,HTTP Request,200,OK,Thread Group 1-49,text,50,50,1993
1559876408398,2288,HTTP Request,200,OK,Thread Group 1-42,text,50,50,2288
1559876408692,2093,HTTP Request,200,OK,Thread Group 1-6,text,50,50,2093
1559876408693,2096,HTTP Request,200,OK,Thread Group 1-14,text,50,50,2096
1559876408700,2188,HTTP Request,200,OK,Thread Group 1-20,text,50,50,2188
1559876408895,2000,HTTP Request,200,OK,Thread Group 1-21,text,50,50,1998
1559876408896,2093,HTTP Request,200,OK,Thread Group 1-18,text,50,50,2093
1559876408896,2093,HTTP Request,200,OK,Thread Group 1-5,text,50,50,2093
1559876409095,1998,HTTP Request,200,OK,Thread Group 1-4,text,50,50,1997
1559876408894,2293,HTTP Request,200,OK,Thread Group 1-17,text,50,50,2293
1559876409097,2091,HTTP Request,200,OK,Thread Group 1-8,text,50,50,2091
1559876409299,1893,HTTP Request,200,OK,Thread Group 1-7,text,50,50,1893
1559876409202,1990,HTTP Request,200,OK,Thread Group 1-3,text,50,50,1990
1559876409200,2091,HTTP Request,200,OK,Thread Group 1-11,text,50,50,2091
1559876409395,1896,HTTP Request,200,OK,Thread Group 1-45,text,50,50,1896
1559876409305,1987,HTTP Request,200,OK,Thread Group 1-10,text,50,50,1987
1559876409199,2186,HTTP Request,200,OK,Thread Group 1-19,text,50,50,2186
1559876409396,1992,HTTP Request,200,OK,Thread Group 1-23,text,50,50,1992
1559876409398,1991,HTTP Request,200,OK,Thread Group 1-1,text,50,50,1991
1559876409400,1992,HTTP Request,200,OK,Thread Group 1-24,text,50,50,1992
1559876409400,1993,HTTP Request,200,OK,Thread Group 1-25,text,50,50,1993
1559876409400,2087,HTTP Request,200,OK,Thread Group 1-16,text,50,50,2087
1559876409497,2091,HTTP Request,200,OK,Thread Group 1-34,text,50,50,2091
1559876409595,1999,HTTP Request,200,OK,Thread Group 1-37,text,50,50,1999
1559876409603,1992,HTTP Request,200,OK,Thread Group 1-43,text,50,50,1992
1559876409495,2100,HTTP Request,200,OK,Thread Group 1-22,text,50,50,2100
1559876409700,2087,HTTP Request,200,OK,Thread Group 1-36,text,50,50,2087
1559876409800,1991,HTTP Request,200,OK,Thread Group 1-33,text,50,50,1991
1559876409798,2090,HTTP Request,200,OK,Thread Group 1-26,text,50,50,2090
1559876409801,2185,HTTP Request,200,OK,Thread Group 1-30,text,50,50,2184
1559876409902,2084,HTTP Request,200,OK,Thread Group 1-2,text,50,50,2084
1559876409902,2087,HTTP Request,200,OK,Thread Group 1-41,text,50,50,2087
1559876409994,2099,HTTP Request,200,OK,Thread Group 1-40,text,50,50,2098
1559876410102,1991,HTTP Request,200,OK,Thread Group 1-38,text,50,50,1991
1559876410103,2083,HTTP Request,200,OK,Thread Group 1-31,text,50,50,2082
1559876410095,2093,HTTP Request,200,OK,Thread Group 1-35,text,50,50,2092
1559876410196,2090,HTTP Request,200,OK,Thread Group 1-39,text,50,50,2090
1559876410297,1995,HTTP Request,200,OK,Thread Group 1-9,text,50,50,1995
1559876410305,1987,HTTP Request,200,OK,Thread Group 1-47,text,50,50,1987
1559876410306,2086,HTTP Request,200,OK,Thread Group 1-32,text,50,50,2086
1559876410307,2086,HTTP Request,200,OK,Thread Group 1-48,text,50,50,2085
1559876410308,2282,HTTP Request,200,OK,Thread Group 1-44,text,50,50,2282
1559876410393,2300,HTTP Request,200,OK,Thread Group 1-27,text,50,50,2300
1559876410394,2392,HTTP Request,200,OK,Thread Group 1-29,text,50,50,2391
1559876410395,2394,HTTP Request,200,OK,Thread Group 1-46,text,50,50,2394
1559876410397,2489,HTTP Request,200,OK,Thread Group 1-13,text,50,50,2489
1559876410603,2285,HTTP Request,200,OK,Thread Group 1-50,text,50,50,2285
1559876410600,2387,HTTP Request,200,OK,Thread Group 1-28,text,50,50,2387
1559876410605,2487,HTTP Request,200,OK,Thread Group 1-12,text,50,50,2487
1559876410697,2396,HTTP Request,200,OK,Thread Group 1-49,text,50,50,2396
1559876410606,2579,HTTP Request,200,OK,Thread Group 1-15,text,50,50,2579
1559876410897,2293,HTTP Request,200,OK,Thread Group 1-20,text,50,50,2293
1559876410697,2590,HTTP Request,200,OK,Thread Group 1-42,text,50,50,2590
1559876410799,2490,HTTP Request,200,OK,Thread Group 1-14,text,50,50,2490
1559876410903,2387,HTTP Request,200,OK,Thread Group 1-21,text,50,50,2387
1559876411000,2293,HTTP Request,200,OK,Thread Group 1-5,text,50,50,2293
1559876410796,2590,HTTP Request,200,OK,Thread Group 1-6,text,50,50,2589
1559876411000,2485,HTTP Request,200,OK,Thread Group 1-18,text,50,50,2485
1559876411101,2389,HTTP Request,200,OK,Thread Group 1-4,text,50,50,2389
1559876411194,2393,HTTP Request,200,OK,Thread Group 1-8,text,50,50,2393
1559876411192,2396,HTTP Request,200,OK,Thread Group 1-17,text,50,50,2396
1559876411195,2494,HTTP Request,200,OK,Thread Group 1-7,text,50,50,2493
1559876411195,2496,HTTP Request,200,OK,Thread Group 1-3,text,50,50,2496
1559876411303,2390,HTTP Request,200,OK,Thread Group 1-11,text,50,50,2390
1559876411304,2488,HTTP Request,200,OK,Thread Group 1-45,text,50,50,2487
1559876411304,2488,HTTP Request,200,OK,Thread Group 1-10,text,50,50,2488
1559876411389,2503,HTTP Request,200,OK,Thread Group 1-19,text,50,50,2503
1559876411391,2694,HTTP Request,200,OK,Thread Group 1-23,text,50,50,2694
1559876411395,2692,HTTP Request,200,OK,Thread Group 1-24,text,50,50,2692
1559876411392,2695,HTTP Request,200,OK,Thread Group 1-1,text,50,50,2695
1559876411396,2695,HTTP Request,200,OK,Thread Group 1-25,text,50,50,2695
1559876411495,2600,HTTP Request,200,OK,Thread Group 1-16,text,50,50,2600
1559876411595,2598,HTTP Request,200,OK,Thread Group 1-34,text,50,50,2598
1559876411598,2688,HTTP Request,200,OK,Thread Group 1-37,text,50,50,2688
1559876411599,2690,HTTP Request,200,OK,Thread Group 1-43,text,50,50,2690
1559876411599,2788,HTTP Request,200,OK,Thread Group 1-22,text,50,50,2787
1559876411795,2592,HTTP Request,200,OK,Thread Group 1-36,text,50,50,2592
1559876411795,2695,HTTP Request,200,OK,Thread Group 1-33,text,50,50,2695
1559876411896,2691,HTTP Request,200,OK,Thread Group 1-26,text,50,50,2691
1559876412002,2586,HTTP Request,200,OK,Thread Group 1-41,text,50,50,2586
1559876412104,2502,HTTP Request,200,OK,Thread Group 1-38,text,50,50,2502
1559876412001,2684,HTTP Request,200,OK,Thread Group 1-2,text,50,50,2684
1559876412104,2684,HTTP Request,200,OK,Thread Group 1-40,text,50,50,2683
1559876411995,2795,HTTP Request,200,OK,Thread Group 1-30,text,50,50,2795
1559876412199,2591,HTTP Request,200,OK,Thread Group 1-31,text,50,50,2591
1559876412199,2686,HTTP Request,200,OK,Thread Group 1-35,text,50,50,2686
1559876412295,2697,HTTP Request,200,OK,Thread Group 1-39,text,50,50,2697
1559876412598,2492,HTTP Request,200,OK,Thread Group 1-44,text,50,50,2491
1559876412304,2786,HTTP Request,200,OK,Thread Group 1-9,text,50,50,2785
1559876412404,2686,HTTP Request,200,OK,Thread Group 1-48,text,50,50,2686
1559876412304,2786,HTTP Request,200,OK,Thread Group 1-47,text,50,50,2786
1559876412404,2686,HTTP Request,200,OK,Thread Group 1-32,text,50,50,2686
1559876412701,2394,HTTP Request,200,OK,Thread Group 1-27,text,50,50,2394
1559876412794,2397,HTTP Request,200,OK,Thread Group 1-46,text,50,50,2397
1559876412896,2296,HTTP Request,200,OK,Thread Group 1-13,text,50,50,2296
1559876412898,2295,HTTP Request,200,OK,Thread Group 1-50,text,50,50,2295
1559876412793,2400,HTTP Request,200,OK,Thread Group 1-29,text,50,50,2400
1559876412996,2297,HTTP Request,200,OK,Thread Group 1-28,text,50,50,2297
1559876413103,2193,HTTP Request,200,OK,Thread Group 1-12,text,50,50,2193
1559876413103,2290,HTTP Request,200,OK,Thread Group 1-49,text,50,50,2290
1559876413194,2293,HTTP Request,200,OK,Thread Group 1-15,text,50,50,2293
1559876413199,2291,HTTP Request,200,OK,Thread Group 1-20,text,50,50,2291
1559876413296,2195,HTTP Request,200,OK,Thread Group 1-42,text,50,50,2195
1559876413311,2279,HTTP Request,200,OK,Thread Group 1-21,text,50,50,2279
1559876413310,2378,HTTP Request,200,OK,Thread Group 1-5,text,50,50,2378
1559876413394,2294,HTTP Request,200,OK,Thread Group 1-6,text,50,50,2294
1559876413309,2383,HTTP Request,200,OK,Thread Group 1-14,text,50,50,2383
1559876413496,2293,HTTP Request,200,OK,Thread Group 1-18,text,50,50,2293
1559876413599,2295,HTTP Request,200,OK,Thread Group 1-17,text,50,50,2295
1559876413499,2486,HTTP Request,200,OK,Thread Group 1-4,text,50,50,2486
1559876413598,2388,HTTP Request,200,OK,Thread Group 1-8,text,50,50,2388
1559876413698,2289,HTTP Request,200,OK,Thread Group 1-7,text,50,50,2288
1559876413702,2387,HTTP Request,200,OK,Thread Group 1-11,text,50,50,2387
1559876413803,2388,HTTP Request,200,OK,Thread Group 1-10,text,50,50,2388
1559876413803,2388,HTTP Request,200,OK,Thread Group 1-45,text,50,50,2388
1559876413703,2492,HTTP Request,200,OK,Thread Group 1-3,text,50,50,2492
1559876414093,2199,HTTP Request,200,OK,Thread Group 1-24,text,50,50,2199
1559876413901,2392,HTTP Request,200,OK,Thread Group 1-19,text,50,50,2392
1559876414095,2294,HTTP Request,200,OK,Thread Group 1-25,text,50,50,2294
1559876414097,2294,HTTP Request,200,OK,Thread Group 1-1,text,50,50,2294
1559876414099,2487,HTTP Request,200,OK,Thread Group 1-16,text,50,50,2487
1559876414098,2488,HTTP Request,200,OK,Thread Group 1-23,text,50,50,2488
1559876414201,2392,HTTP Request,200,OK,Thread Group 1-34,text,50,50,2392
1559876414295,2390,HTTP Request,200,OK,Thread Group 1-37,text,50,50,2390
1559876414299,2390,HTTP Request,200,OK,Thread Group 1-43,text,50,50,2390
1559876414399,2389,HTTP Request,200,OK,Thread Group 1-36,text,50,50,2389
1559876414498,2291,HTTP Request,200,OK,Thread Group 1-33,text,50,50,2291
1559876414398,2395,HTTP Request,200,OK,Thread Group 1-22,text,50,50,2394
1559876414603,2384,HTTP Request,200,OK,Thread Group 1-41,text,50,50,2384
1559876414614,2373,HTTP Request,200,OK,Thread Group 1-38,text,50,50,2373
1559876414596,2391,HTTP Request,200,OK,Thread Group 1-26,text,50,50,2391
1559876414802,2290,HTTP Request,200,OK,Thread Group 1-31,text,50,50,2290
1559876414694,2398,HTTP Request,200,OK,Thread Group 1-2,text,50,50,2398
1559876414804,2389,HTTP Request,200,OK,Thread Group 1-30,text,50,50,2389
1559876414802,2393,HTTP Request,200,OK,Thread Group 1-40,text,50,50,2393
1559876414894,2392,HTTP Request,200,OK,Thread Group 1-35,text,50,50,2391
1559876415000,2290,HTTP Request,200,OK,Thread Group 1-39,text,50,50,2290
1559876415093,2298,HTTP Request,200,OK,Thread Group 1-32,text,50,50,2298
1559876415095,2296,HTTP Request,200,OK,Thread Group 1-9,text,50,50,2296
1559876415099,2392,HTTP Request,200,OK,Thread Group 1-48,text,50,50,2392
1559876415097,2395,HTTP Request,200,OK,Thread Group 1-44,text,50,50,2395
1559876415099,2488,HTTP Request,200,OK,Thread Group 1-27,text,50,50,2488
1559876415099,2494,HTTP Request,200,OK,Thread Group 1-47,text,50,50,2494
1559876415197,2496,HTTP Request,200,OK,Thread Group 1-50,text,50,50,2496
1559876415196,2595,HTTP Request,200,OK,Thread Group 1-46,text,50,50,2594
1559876415194,2791,HTTP Request,200,OK,Thread Group 1-13,text,50,50,2791
1559876415197,2793,HTTP Request,200,OK,Thread Group 1-29,text,50,50,2793
1559876415495,2496,HTTP Request,200,OK,Thread Group 1-15,text,50,50,2496
1559876415302,2783,HTTP Request,200,OK,Thread Group 1-28,text,50,50,2783
1559876415401,2691,HTTP Request,200,OK,Thread Group 1-49,text,50,50,2691
1559876415304,2789,HTTP Request,200,OK,Thread Group 1-12,text,50,50,2788
1559876415599,2590,HTTP Request,200,OK,Thread Group 1-21,text,50,50,2590
1559876415496,2693,HTTP Request,200,OK,Thread Group 1-20,text,50,50,2693
1559876415496,2693,HTTP Request,200,OK,Thread Group 1-42,text,50,50,2693
1559876415700,2586,HTTP Request,200,OK,Thread Group 1-5,text,50,50,2586
1559876415701,2689,HTTP Request,200,OK,Thread Group 1-6,text,50,50,2689
1559876415902,2490,HTTP Request,200,OK,Thread Group 1-17,text,50,50,2490
1559876415702,2787,HTTP Request,200,OK,Thread Group 1-14,text,50,50,2787
1559876415798,2696,HTTP Request,200,OK,Thread Group 1-18,text,50,50,2696
1559876415999,2496,HTTP Request,200,OK,Thread Group 1-4,text,50,50,2496
1559876415999,2592,HTTP Request,200,OK,Thread Group 1-8,text,50,50,2592
1559876416203,2482,HTTP Request,200,OK,Thread Group 1-45,text,49,49,2482
1559876416099,2593,HTTP Request,200,OK,Thread Group 1-11,text,49,49,2592
1559876416204,2585,HTTP Request,200,OK,Thread Group 1-10,text,47,47,2585
1559876416000,2790,HTTP Request,200,OK,Thread Group 1-7,text,47,47,2790
1559876416205,2585,HTTP Request,200,OK,Thread Group 1-3,text,47,47,2585
1559876416303,2590,HTTP Request,200,OK,Thread Group 1-19,text,44,44,2590
1559876416303,2590,HTTP Request,200,OK,Thread Group 1-24,text,44,44,2590
1559876416399,2590,HTTP Request,200,OK,Thread Group 1-25,text,42,42,2590
1559876416400,2690,HTTP Request,200,OK,Thread Group 1-1,text,41,41,2690
1559876416603,2588,HTTP Request,200,OK,Thread Group 1-34,text,40,40,2587
1559876416600,2591,HTTP Request,200,OK,Thread Group 1-23,text,40,40,2591
1559876416696,2497,HTTP Request,200,OK,Thread Group 1-37,text,40,40,2497
1559876416699,2592,HTTP Request,200,OK,Thread Group 1-43,text,37,37,2592
1559876416803,2584,HTTP Request,200,OK,Thread Group 1-36,text,36,36,2584
1559876416801,2586,HTTP Request,200,OK,Thread Group 1-33,text,36,36,2586
1559876416600,2787,HTTP Request,200,OK,Thread Group 1-16,text,36,36,2787
1559876417002,2389,HTTP Request,200,OK,Thread Group 1-38,text,35,35,2389
1559876417002,2390,HTTP Request,200,OK,Thread Group 1-41,text,35,35,2390
1559876416805,2584,HTTP Request,200,OK,Thread Group 1-22,text,36,36,2584
1559876417002,2393,HTTP Request,200,OK,Thread Group 1-26,text,35,35,2393
1559876417103,2387,HTTP Request,200,OK,Thread Group 1-2,text,29,29,2387
1559876417103,2389,HTTP Request,200,OK,Thread Group 1-31,text,29,29,2389
1559876417203,2293,HTTP Request,200,OK,Thread Group 1-30,text,29,29,2293
1559876417297,2293,HTTP Request,200,OK,Thread Group 1-35,text,26,26,2293
1559876417205,2483,HTTP Request,200,OK,Thread Group 1-40,text,25,25,2482
1559876417299,2390,HTTP Request,200,OK,Thread Group 1-39,text,25,25,2390
1559876417402,2290,HTTP Request,200,OK,Thread Group 1-32,text,25,25,2290
1559876417402,2386,HTTP Request,200,OK,Thread Group 1-9,text,22,22,2386
1559876417596,2293,HTTP Request,200,OK,Thread Group 1-27,text,21,21,2293
1559876417501,2487,HTTP Request,200,OK,Thread Group 1-44,text,20,20,2487
1559876417602,2394,HTTP Request,200,OK,Thread Group 1-47,text,20,20,2394
1559876417500,2589,HTTP Request,200,OK,Thread Group 1-48,text,18,18,2589
1559876417701,2389,HTTP Request,200,OK,Thread Group 1-50,text,18,18,2389
1559876417993,2098,HTTP Request,200,OK,Thread Group 1-13,text,18,18,2098
1559876417799,2390,HTTP Request,200,OK,Thread Group 1-46,text,15,15,2390
1559876417995,2197,HTTP Request,200,OK,Thread Group 1-15,text,15,15,2196
1559876417995,2290,HTTP Request,200,OK,Thread Group 1-29,text,13,13,2290
1559876418095,2393,HTTP Request,200,OK,Thread Group 1-49,text,12,12,2393
1559876418095,2396,HTTP Request,200,OK,Thread Group 1-12,text,12,12,2396
1559876418195,2298,HTTP Request,200,OK,Thread Group 1-20,text,12,12,2298
1559876418093,2400,HTTP Request,200,OK,Thread Group 1-28,text,12,12,2400
1559876418295,2201,HTTP Request,200,OK,Thread Group 1-5,text,11,11,2201
1559876418195,2301,HTTP Request,200,OK,Thread Group 1-42,text,11,11,2301
1559876418194,2303,HTTP Request,200,OK,Thread Group 1-21,text,11,11,2302
1559876418400,2192,HTTP Request,200,OK,Thread Group 1-6,text,5,5,2192
1559876418401,2191,HTTP Request,200,OK,Thread Group 1-17,text,5,5,2191
1559876418498,2095,HTTP Request,200,OK,Thread Group 1-14,text,5,5,2095
1559876418508,2182,HTTP Request,200,OK,Thread Group 1-4,text,2,2,2182
1559876418504,2191,HTTP Request,200,OK,Thread Group 1-18,text,2,2,2191
